date,sapporo,wakkanai,abashiri,obihiro,aomori,fukaura,hachinohe,morioka,ofunato,miyako,akita,yuzawa,noshiro,ishinomaki,sendai,shinjo,yamagata,sakaida,wakamatsu,fukushima,shirakawa,onahama,mito,tsukuba,okunikko,utsunomiya,kumagaya,chichibu,maebashi,kusatsu,niigata,takada,tokyo,hachioji,choshi,chiba,katsuura,maihama,odawara,kofu,kawaguchik,nagano,iida,matsumoto,suwa,toyama,fushiki,wajima,kanazawa,mishima,shizuoka,hamamatsu,takayama,gihu,nagoya,irako,fukui,tsuruga,hikone,otsu,ueno,yokkaichi,owase,nara,kamikitayam,wakayama,shionomisa,osaka,kumadori,maiduru,kyoto,tomioka,himeji,kobe,tottori,yoneko,tsuyama,okayama,takamatsu,tadotsu,tokushima,ikeda,sukumo,kochi,murotomisa,matsue,hamada,hiroshima,fukuyama,yamaguchi,shimonosek,ogi,matsuyama,uwajima,iiduka,fukuoka,hita,oita,miyakonojo,miyazaki,nobeoka,saga,karatsu,kumamoto,asozan,hitoyoshi,ushibuka,tanegashima,makurazaki,kagoshima,akune,kimotsukim,naha,saseho,nagasaki,unzendake,hirato
2014/1/1,13.5,5,0,0.5,16,16.5,3,31.5,1.5,0.5,7,26,5.5,1.5,5,43.5,21,28.5,10,0,0,0,0,0,0,0,0,0,0,0.5,0,39,0,0,0,0,0,0,0,0,0,3.5,0,0,0,25.5,24,20.5,23.5,0,0,0,4.5,1,0,0,18.5,13.5,0,0,0,0,0,0,0,0,0,0,0,0,0.5,0,0,0,0,0.5,0,0,0,0,0,,0,0,0,1,0.5,0,0,0,0,0,0,0,0,0,0,0,0,0,0,0,0,0,0,0,0,0,0,0,0,0,0,0,0,0,0
2014/1/2,4,0.5,3,0,0.5,0,0,2,4.5,1,1.5,5,2,2,3.5,10.5,9.5,5,17,5,0.5,0,0,0,0,0,0,0,0,3,0,11.5,0,0,0,0,0,0,0,0,0,6.5,0,0,0,6.5,11,8.5,1.5,0,0,0,7.5,0,0,0,3,2,1.5,0,0,0,0,0,0,0,0,0,0,7,0,4,0,0,4.5,0,0,0,0,0,0,0,0,0,0,0,0,0,0,0,0,0,0,0,0,0,0,0,0,0,0,0,0,0,0,0,0,0,0,0,0,0,0,0,0,0,0
2014/1/3,1,3.5,0,0.5,10.5,17.5,1.5,4.5,0,0,17,7,6,0,0,8.5,1,10,0,0,0,0,0,0,0,0,0,0,0,0,0,0,0,0,0,0,0,0,0,0,0,0,0,0,0,0,0.5,5,1,0,0,0,0,0,0,0,0,0,0,0,0,0,0,0,0,0,0,0,0,0,0,0,0,0,0,0,0,0,0,0,0,0,0,0,0,0,0,0,0,0,0,0,0,0,0,0,0,0,1.5,0.5,0,0,0,0,0,0,0,4.5,1,1.5,0,3,36.5,0,0,0,0
2014/1/4,17.5,7.5,3.5,0,5.5,1,0,0,0,0,0,10.5,0.5,0,0,13.5,1.5,2,2,0,0,0,0,0,0,0,0,0,0,0,0,32,0,0,0,0,0,0,0,0,0,0,0,0,0,12,5,0.5,16,0,0,0,0,0,0,0,3.5,0,0,0,0,0,0,0,0,0,0,0,0,16,0,10,0,0,8,6.5,0,0,4,0,0,0,0,0,0,4,0,0,0,0,0,0,0,0,0,0,0,0,0,0,0,0,0,0,0,0,0,0,0,0,0,0,2,0,0,0,0
2014/1/5,3,3,0.5,0,2.5,1.5,0,0,0,0,0.5,11,3.5,0,0,13.5,0.5,6,0,0,0,0,0,0,0,0,0,0,0,0,0,10,0,0,0,0,0,0,0,0,0,0,0,0,0,0,0,0,0,0,0,0,0,0,0,0,0,0,0,0,0,0,0,0,0,0,0,0,0,0,0,0,0,0,0,0,0,0,0,0,0,0,0,0,0,0.5,5.5,0,0,1,4,5.5,0,0,0.5,2,0.5,3.5,0,0,0,0,0,0,0,0,0,0,0.5,0,0,0,0,0,0,0,1
2014/1/6,1,4.5,0.5,0,0.5,1,0,0,0,0,6,6.5,3,0,0,8.5,0,5,0,0,0,0,0,0,0,0,0,0,0,0,0,12.5,0,0,0,0,0,0,0,0,0,0,0,0,0,0,0,0,0,0,0,0,0,0,0,0,0,0,0,0,0,0,0,0,0,0,0,0,0,8.5,0,2.5,0,0,0,0,0,0,0,0,0,0,0,0,0,0,0,0,0,2.5,0,1,0,0,0.5,0,0,0,0,0,0,0,0,0,0,0,0,0,0,0,0,0,0,0,0,0,0
2014/1/7,0,0,0,0,0,0.5,0,0,0,0,0,0,0,0,0,0,0,0,0,0,0,0,0,0,0,0,0,0,0,0,1,0,0,0,0,0,0,0,0,0,0,0,0,0,0,0,0,0.5,0,0,0,0,0,0,0,0,0,0,0,0,0,0,0,0,0,0,0.5,0,0,0,0,0,0,0,0,0,0,0,0,0,0,0,0,0,0,0,0,0,0,0,0,0,0,0,0,0,0,0,0,0,0,0,0,0,0,0,0,1,0,0,0,0,0,0,0,0,0
2014/1/8,3,0.5,2.5,0,4.5,13.5,1,0,0,0,7.5,4.5,5.5,1.5,2.5,8,1,17.5,4.5,3.5,10.5,15,15.5,15.5,8,7.5,5,3.5,3.5,9,0,11,15.5,12,49,18,70.5,20,18.5,10.5,19.5,10,10,16,18.5,15.5,15.5,23.5,9.5,22,26.5,26.5,22,25,20.5,25,13,22.5,33,35.5,31,24.5,41,35,38.5,32.5,45.5,31,37,23.5,30,16.5,14,20,18.5,23,13,15.5,21.5,19,19.5,0,18,21,33,21.5,27,18,13,20.5,20.5,24,19,11,22.5,25.5,24.5,18,13,9,5,20,27.5,13.5,21,21.5,24.5,9,9,19,10.5,7.5,2.5,23,16.5,20,34.5
2014/1/9,1,4.5,1.5,0,10,0.5,0.5,1,3.5,5,3.5,4.5,0,9,4.5,6,4.5,4,2,4,2,6.5,6,4.5,0.5,0.5,0,0,0.5,1,0,37.5,4,1,16.5,10,13.5,5,10.5,1,1,2.5,0.5,2,2,16,11.5,9.5,7,9.5,4.5,2,1.5,0,0,0.5,6.5,2,0.5,0.5,2.5,0.5,0.5,2,0,2,0,1.5,1.5,44,0,39.5,0,0,43.5,23,0,0,0,0,2.5,16,1,0,0,37,15.5,1,0,19,1,11.5,0.5,2,0.5,0,0.5,0,0,0,0,0,0,0,1,0.5,0.5,0,0.5,0,0,0,0,0,0,0.5,0
2014/1/10,0,9.5,1.5,0,8.5,1.5,0,0,0,0,3.5,7.5,2.5,0,0,7,2,3,0,1,0,0,0,0,0,0,0,0,0,0,0,17.5,0,0,0,0,0,0,0,0,0,0,0,0,0,2,5,2,11.5,0,0,0,0,0,0,0,10,10.5,1,1,0,0,0,0,0,0,0,0,0,2,0,9.5,0,0,8.5,2.5,0,0,0,0,0.5,3,1.5,0,0,5,3,0,0,5.5,0,0,1.5,6,0,0,0,0,0,0,0,0,0,0,0,0,0,0,0,0,0,0,0,0,0,0,0
2014/1/11,0,5.5,0.5,0,7,0.5,0,0,0,0,4,20,1,0,0,4.5,0,2.5,0,0,0,0,0,0,0,0,0,0,0,0,0,50.5,0,0,0,0,0,0,0,0,0,0,0,0,0,4.5,10.5,5.5,11,0,0,0,1.5,0,0,0,13.5,21,0,0,0,0,0,0,0,0,0,0,0,0,0,0.5,0,0,0,0,0,0,0,0,0,0,0,0,0,0,0,0,0,0,0,0,0,0,0,0,0,0,0,0,0,0,0,0,0,0,0,0,0,0,0,0,0,0,0,0,0
2014/1/12,5,2,3,0,9,0.5,0,4.5,0,0,6.5,15.5,2,0,0,27.5,2,13.5,5,0,0,0,0,0,0,0,0,0,0,0,0,17.5,0,0,0,0,0,0,0,0,0,0.5,0,0,0,14,19.5,30,17,0,0,0,1,0,0,0,14.5,15.5,0,0,0,0,0,0,0,0,0,0,0,2,0,4.5,0,0,0.5,0,0,0,0,0,0,0,0,0,0,1,0,0,0,0,0,0,0,0,0,0,0,0,0,0,0,0,0,0,0,0,1.5,0,0,0,0,0,0,0,0,0,0
2014/1/13,7,5.5,1.5,0,3,1,0,0.5,0,0,2.5,18,5,0,0.5,9,0,5,1,0,0,0,0,0,0,0,0,0,0,1,0,11.5,0,0,0,0,0,0,0,0,0,0,0,1,0,0,1,0.5,0.5,0,0,0,0,0,0,0,2.5,6,0.5,0,0,0,0,0,0,0,0,0,0,37.5,0,32,0,0,34,27.5,0,0,0,0,0,0,0,0,0,11.5,3.5,0,0,0,0,0,0,0,0,0,0,0,0,0,0,0,0,0,0,0,0,0,0,0,0,0,5,0,0,0,0
2014/1/14,0.5,2,2.5,0,3,1,0,0,0,0,7,3,1.5,0,0,6,0,0.5,0,0,0,0,0,0,0,0,0,0,0,0,1,7,0,0,0,0,0,0,0,0,0,0,0,0,0,0,1.5,1,0,0,0,0,0,0,0,0,0,0,0,0,0,0,0,0,0,0,0,0,0,2.5,0,0,0,0,0,0,0,0,0,0,0,0,0,0,0,1.5,4.5,0,0,0,0,0.5,0,0,0,0,0,0,0,1,0,0,0,0,0,0,0,2,0,0.5,0,0.5,2.5,0,0,0,0
2014/1/15,0,3.5,0,0,3.5,0,0,0,0,0,1,1.5,2.5,0,0,1,0,0,0,0,0,0,0,0,0,0,0,0,0,0,0,0,0,0,0,0,2.5,0,0,0,0,0,0,0,0,0.5,0,0,0,0,0,0,0,0,0,0,0,0,0,0,0,0,0,0,0,0,0,0,0,1,0,2.5,0,0,1.5,13,0,0,0,0,0,0,0,0,0,20.5,3,0,0,1.5,0,8.5,0,0,0,0.5,0,0,0,0,0,0,0,0,0,0,0,0,0,0,0,0,1,0,0,0,0
2014/1/16,0.5,0.5,0.5,0,3,1,0,0,0.5,0,5,7.5,3,0,0,3.5,0,2.5,0,0,0,0,0,0,0,0,0,0,0,0,0,12.5,0,0,0,0,0,0,0,0,0,0,0,0,0,8,0,1,0,0,0,0,0,0,0,0,0,5,0,0,0,0,0,0,0,0,0,0,0,1,0,4.5,0,0,1.5,1.5,0,0,0,0,0,0,0,0,0,3.5,0,0,0,0,0,0,0,0,0,0,0,0,0,0,0,0,0,0,0,0,0,0,0,0,0,0,0,0,0,0,0
2014/1/17,7.5,1.5,3.5,0,0,3,5.5,0,0,0,3,4,2.5,0,0,14,0,3.5,0,0,0,0,0,0,0,0,0,0,0,0,0,25,0,0,1,0,0,0,0,0,0,0.5,0,0,0,19.5,2,1.5,1.5,0,0,0,0,0,0,0,0,7,2.5,0,0,0,0,0,0,0,0,0,0,26,0,18.5,0,0,10.5,11.5,0,0,0,0,0,0,0,0,0,16.5,9.5,0,0,0,3,7.5,0,0,0,0,0,0,0,0,0,0,0,0,0,0,0,0,0,0,0,0,0,0,0,0,0
2014/1/18,0,2,0,0,1,8.5,0,0,0,0,9.5,1,6,0,0,9.5,0,2,0,0,0,0,0,0,0,0,0,0,0,0.5,0,21,0,0,2,0,0,0,1,0,0.5,0.5,0,0,0.5,10,2,3.5,4,0,0,0,3,0,0,0,10,4,6,0,0,0,0,0,0.5,0,0,0,2,18.5,0.5,27,0,0,14,16,2.5,0,0.5,0.5,0,4,0.5,0,0,15.5,0,1.5,0,1.5,0,3.5,0.5,1.5,0,0,0,0,0,0,0,1,0,0,0,0,0,0,0,0,0,0,0,0.5,0,0,0
2014/1/19,2.5,0,1.5,0,6.5,3.5,0,1.5,0,0,5,9.5,6,0,0,11,3.5,5,2,0,0,0,0,0,0,0,0,0,0,4,0,21,0,0,2,0,0.5,0,0,0,0,0,0.5,0.5,0.5,2,4,3.5,4.5,0,0,0,2,0,0,0,2,5.5,5,3,0,1,0,0,1,0,0,0,0,6,1.5,3,0,0,3.5,0,1.5,0,0,0,0,5.5,0,0,0,0,2.5,0,0,0.5,0.5,1.5,0,0,0,0,0,0,0,0,0,0,0,0,0,0,0,0,0,0,0,0,0,0,0,0,0
2014/1/20,1.5,5,0,0,1,5.5,0,1,0,0,2.5,4.5,5.5,0,0,5,0.5,4.5,0,0,0,0,0,0,0,0,0,0,0,0,0,0,0,0,0,0,0,0,0,0,0,0,0.5,0,1,0,3,23.5,2.5,0,0,0,1,0.5,1,0,1.5,8,2.5,3.5,2,0.5,0,2,0,0,0,1,0.5,0,2.5,1,2.5,1,2,7.5,1,3,7.5,8,0,0,0,0,0,11,22,3.5,3,6.5,9,12,3,0,5.5,7.5,5,0,0,0,0,0.5,4.5,0,6,0.5,0,0,1,0,0,0.5,0,1,0,0.5,4.5
2014/1/21,4.5,1,0,0,2.5,3,0,0,0,0,0,2,1,0,0,7,1,2.5,1.5,0,0,0,0,0.5,0,0,0,0.5,0,0,0,28,2,0,0.5,0,4,0.5,0,0,2.5,2,0,0,0,22,10,9.5,9.5,0,0,0,4,0,0,0,7,30.5,0.5,0,0.5,0,0,1,0,1,0,0,0,4.5,0,3.5,0,0,13.5,18,0.5,0,1,1,0,3.5,0,0,0,27.5,15,0,0,4,4,10,0.5,0,0,0,0.5,0,0,0,0,0.5,0.5,0,0,0,1,0,0.5,1,1,0,15,0,0,0,0
2014/1/22,6.5,5,1,0,7.5,0.5,0,0,0,0,6,10.5,1,0,0,2.5,0,4,0,0,0,0,0,2,0,0,0,0,0,0,0,25.5,1.5,0,1.5,3,0,1,0,0,0,0.5,0,0,0,1.5,9.5,2.5,12.5,0,0,0,0.5,0,0,0,9.5,1,3,0,0,0,0,0,0,1,0,0,0,11,0,5,0,0,1,0,0.5,0,0.5,0.5,0,3.5,0,0,0,0,3,0,0,0.5,1,1,0,1.5,6,9,0,0,0,0,0,1,4,0,0,0,0,0,0.5,0,0,0,0,0,0,0.5,0
2014/1/23,4,3,2.5,0,1,0,0,0,0.5,0,0.5,2,1,0,0,3,2,1.5,1,0.5,0,0,0,0,0,0,0,0,0,0,0,5.5,0,0,0,0,0,0,0,0,0,0,0,0,0,0,1,1,1.5,0,0,0,0,0,0,0,0,0,0,0,0,0,0,0,0,0,0,0,0,0.5,0,0,0,0,0,0,0,0,0,0,0,2,0,0,0,0,0,0,0,0,0,0,0,0,0,0,0,0,0,0,0,0,0,0,0,0,0,0,0,0,0,0,0,0,0,0,0
2014/1/24,0.5,3,0,0,0.5,2.5,0,0,0,0,5.5,0,1,0,0,0,0,0,0,0,0,0,0,0,0,0,0,0,0,0,0,0,0,0,0,0,0,0,0,0,0,0,0,0,0,0,0,0,0,0,0,0,0,0,0,0,0,0,0,0,0,0,0,0,0,0,0,0,0,0,0,0,0,0,0,0,0,0,0,0,0,0,0,0,0,0,0,0,0,0,0,0,0,0,0,0,0,0,0,0,0,0,0,0,0,0,0,0,0,0,0,0,0,0,0,0,0
2014/1/25,0,0,0.5,0,4,10,0.5,4.5,0,0,8.5,2.5,6.5,0,0,16,0,16.5,0,0,0,0,0,0,0,0,0,0,0,0,0,0,0,0,0,0,0,0,0,0,0,0,0,0,0,0,0.5,8.5,0.5,0,0,0,4,2,1,0,2,2.5,1.5,4,5,2.5,8,6,7,5,0.5,6,6.5,2.5,1.5,0.5,2.5,0.5,3,7.5,4.5,2.5,0.5,0.5,1,0,3,2.5,13,13.5,10.5,8.5,3.5,7.5,3.5,0,3,7,1,3,3,0.5,13,4,0,5.5,2.5,4.5,7.5,11.5,6,3,2.5,15,5.5,8.5,0,1,3,5.5,2.5
2014/1/26,9.5,0,9,10,10.5,10.5,7,4,0,0,10,8.5,10,0,1,20,5.5,15,1,0,0,0,0,0,0,0,0,0,0,0.5,0,37,0,0,2,7.5,0.5,6,4,1,1,2,5,1.5,4,16,10.5,8.5,12.5,12,12.5,9,3.5,5.5,3,4,7.5,13,4,1.5,2.5,1.5,10.5,2.5,4.5,0.5,17.5,2,1,10.5,2.5,27,2,0.5,17,13.5,0,0,3,1.5,2.5,0.5,0,1,0,9.5,1.5,2.5,0.5,0,0.5,0,0,1,0,0,0,0,0,0,0,0,0,0,0,0,0,1.5,0.5,0,0,0,1.5,0,0,0,0
2014/1/27,3,3.5,1,0,0,0.5,0,0,0,0,1,1.5,1.5,0,0,1,0,1.5,0,0.5,0,0,0,0,0,0,0,0,0,0,0,0,0,0,0,0,0,0,0,0,0,0,0,0,0,0,0,0,0,0,0,0,0,0,0,0,0.5,0,0,0,0,0,0,0,0,0,0,0,0,0,0,0,0,0,0,0,0,0,0,0,0,4.5,0,0,0,0,0,0,0,0,0,0,0,0,0,0,0,0,0,0,0,0,0,0,0,0,0,0,0,0,0,0,0,0,0,0,0
2014/1/28,3,10,0,2,14.5,20,0,4.5,0,0,7,8.5,4,0,0,16,4,14.5,1,0,0,0,0,0,0,0,0,0,0,0.5,0,17.5,0,0,0,0,0,0,0,0,0,0,0,0,0,3.5,4,12.5,5.5,0,0,0,0.5,0,0,0,5,1.5,1.5,0,0,0,0,0,0,0,0,0,0,6,0,4,0,0,1,0,0,0,0,0,0,0,0,0,0,0.5,0,0,0,1,0,0,0,0,0,0,0,0,0,0,0,0,0,0,0,0,0,3.5,0,0,0,0,0,0,0,0,0.5
2014/1/29,1,7,3.5,0,1,0.5,0,0,0,0,0.5,0.5,0,0,0,1.5,0,0,0,0,0,0,0,0,0,0,0,0,0,0,0,0,0,0,0,0,0,0,0,0,0,0,0,0,0,0,0,0,0,0,0,0,0,0,0,0,0,0,0,0,0,0,0,0,0,0,0,0,0,0,0,0,0,0,0,0,0,0,0,0,0,1.5,0,0,0,0,0,0,0,0,0,0,0,0,0,0,0,0,0,0,0,0,0,0,0,0,0,0.5,1,0.5,0,0,0,0,0,0,0
2014/1/30,1.5,3.5,0,1,27.5,23,4.5,2.5,0,0,11,2,22.5,0,0,7,3.5,8.5,1.5,0,0,0,2.5,1.5,0,1,0,0,0,2,0,7,1.5,0,20,5.5,27,6,9.5,7.5,8.5,1,19,2.5,9,10.5,9.5,12.5,2,21,23,16,12,13.5,12.5,9.5,14,4,9,14.5,7.5,9,23.5,11,12.5,12,60.5,10.5,9,2,3.5,0.5,4,7.5,1,9.5,4,1.5,2.5,2,0,0,16.5,14,13,8.5,7.5,10,1.5,15,12.5,0,5.5,11,8,10,11.5,1.5,16.5,8,2,18,11.5,18,22.5,38,34.5,14,16.5,22,63,13.5,0,17,10.5,18.5,8
2014/1/31,9.5,3,8.5,0,3.5,0.5,3,3,2,0,0.5,1,4,0.5,1,9,4.5,1,9.5,1.5,0,0,0,0,0.5,0,0,0,0,3,0,16.5,0,0,0,0,0,0,0,0,0,3,2.5,0,0,6,1,0.5,0,0,0,0,2,0.5,0.5,0,0,4,1.5,0,0,0,0,0,0,0,0,0,0,0,0,0,0,0,0,0,0,0,0,0,0,0.5,0,0,0,0,0,0,0,0,0,0,0,0,0,0,0,0,0,0,0,0,0,0,0,0,0,0,0,0,0,0,0,0,0,0,0
2014/2/1,0.5,1.5,0,0,0.5,0,0,0,0,0,1,0,1.5,0,0,0,0,0,0,0,0,0,0,0,0,0,0,0,0,0,0,0,0,0,1.5,0,0,0,0,0,0,0,0,0,0,0,0,0,0,0,0,0,0,0,0,0,0,0,0,0,0,0,0,0,0,0,0,0,0,0,0,0,0,0,0,0,0,0,0,0,0,0,0.5,0,6,0,0,0.5,0,3,9,2.5,0,2,9.5,9.5,4,1,0,0,0,25,18.5,14,8,6,25.5,0,0,0,32.5,0,2.5,24.5,26.5,35,31
2014/2/2,0,5.5,0,1,10.5,7.5,3,16,5.5,0.5,17.5,2,7.5,0,1,14.5,0.5,11.5,0,0,0,0,0,0,0,0,0,0,0,0,0,0,0,0,1.5,0.5,0.5,0,1,0.5,0.5,0,7,1,0,0,0,1,0.5,10,8.5,5.5,5,14,6,4.5,5,3,4,5,3.5,4.5,9.5,3.5,7.5,2,14.5,2,1,2,2,1.5,2,0,1,2.5,2,1.5,0,1,0.5,0,27.5,7,13,4,1.5,6,2,9.5,2.5,2.5,4,12.5,7,7,3,5,4.5,7,1,4,9,18,28.5,16.5,3,9,7,2.5,41,25.5,30,2,4.5,22,4
2014/2/3,0.5,2,2,0.5,3,0.5,8.5,12,2.5,5,3,3,1,1.5,0.5,2.5,2,2,0,0,0,0,0,0,0,0,0,0,0,0,0,9.5,0,0,0,0,0,0,0,0,0,0.5,1,0,0,8,7,16,9,0,0,0,3,0.5,0.5,0,2.5,3,0,0.5,0,1,2.5,0,3,0,0,1,0,3.5,0,1.5,0.5,0,2,7.5,0,0,0.5,0,0,0,0,0,0,5.5,1,0,0,1,0,2,0,0,0,0,0,0,0,0,0,0,0,0,1,0,0,0,0,0,0.5,0,3.5,0,0.5,0,0
2014/2/4,4,1,2.5,0,4.5,0.5,0,0,0,0.5,1.5,2.5,1,0,0,1,0,2,0.5,0,1.5,2.5,2,5.5,3.5,5,9.5,13.5,1.5,0,0,20.5,5,6,9.5,2,4,2.5,5,3.5,5.5,0,0,0,0,8.5,1.5,5,11,4,0,0,0,1.5,0,0,3,0.5,0,0,0,0,0,0,0,0.5,0,0,0,24.5,0,30,0,0,30.5,17,0,0,1,4.5,2,1.5,0,0,0,26.5,20,0,0,5.5,1,5,0,0.5,0,0,0,0,0,0,0,0,0,0,0,0,0,0,0,0,0,0,0,0,0,0,0
2014/2/5,8.5,1.5,3.5,0,5.5,0.5,0,1.5,0.5,0.5,5.5,5.5,11,0,0,17.5,2.5,11,0.5,2,0,0,0,0,0,0,0,0,0,1,0,1.5,0,0,0,0,0,0,0,0,0,0,0,0,0,3.5,3,1,4.5,0,0,0,0,0,0,0,4,2,0.5,0.5,0,0,0,0,0,0,0,0,0,7.5,0,9.5,0,0,1,6.5,0.5,0,0,0,0,3.5,0,0,0,3,0.5,0,0,0.5,0,0.5,0,0,0,0,0,0,0,0,0,0,0,0,0,0,0,0,0,0,0,0,0,0,0,0,0
2014/2/6,0.5,3.5,0,0,2.5,1.5,0,0,0,0,4.5,2,2,0,0,12.5,0,4,0,0,0,0,0,0,0,0,0,0,0,0,0,14,0,0,0,0,0,0,0,0,0,0,0,0,0,2,0,1,0,0,0,0,0,0,0,0,0.5,0,0,0,0,0,0,0,0,0,0,0,0,6,0,5,0.5,0,1,1,0.5,0.5,1.5,0,0,0,2,0,0.5,0.5,0,0.5,0.5,2,4.5,0,2,1.5,4.5,7,9.5,9,11.5,10,,9,9.5,8,6.5,14.5,17.5,7.5,2.5,3.5,17,14.5,55,9,11,11.5,6.5
2014/2/7,4,2,0,0,1.5,0,0,0,0,0,0,3.5,6.5,0,0,2.5,0,2,0,0,0,0,0,0,0,0,0,0,0,0,0,2.5,0,0,0,0,0,0,0,0,0,0,0,0,0,0,0.5,0,0,0,0,0,0,0,0,2,0,0,0.5,1.5,2.5,0,11,3.5,7,5,8,3,4.5,0,1,0.5,1,1.5,1,0,0,2,3,2,5,1,5.5,12,5.5,0,2.5,5,5.5,5.5,12,7,5.5,4,6.5,8,8.5,13.5,11.5,16,,9,7.5,8,13.5,7.5,11.5,2.5,1.5,1.5,11,8.5,50,9.5,12.5,17.5,5.5
2014/2/8,1,0.5,0.5,0,0,0,0.5,0.5,11,5,2,3,0,23,15.5,7,13,4,14,20,23,38,32.5,28.5,22.5,11.5,38,38.5,26.5,24,0,9,29.5,32.5,72.5,43,94.5,33,31,39,60.5,14,24,39.5,18.5,26,23.5,13.5,14.5,27.5,38,19.5,32,26,32,21,15,27,21,17.5,13,23,20,7,23,11.5,8.5,13,11.5,27.5,17.5,26,14.5,14.5,20.5,13.5,10.5,22,16.5,19.5,17,2.5,12,16,6,21.5,13,10,18,15,10,12.5,16.5,13.5,11.5,10.5,12.5,11,15.5,16,,10,10.5,14.5,14,12,10.5,11.5,9,13.5,12,16.5,0,9.5,9.5,13,8.5
2014/2/9,1.5,3,7,4.5,3,0,7,2.5,4.5,34.5,1.5,5.5,0,20,10,7.5,12,3,20,9.5,11,11,5,3.5,2.5,1,0.5,2,0.5,0.5,0,10,1.5,0.5,7.5,3,1,1,0,0,0,2,0.5,0,0,4,0.5,6.5,6.5,0,0,0,0.5,0,0,0,6,0.5,0,0.5,0,0,0,0,0,0,0,0,0,4,0,8.5,0,0,5,8.5,0,0,0,0,0,13,0,0,0,7.5,1,0,0,0,0,1,0,0,0,0.5,0,0,0,0,,0,12,0,0,0,2.5,0.5,1.5,0,0,0,11,1,0.5,0,3.5
2014/2/10,2.5,5,14.5,1,1.5,3.5,0,0,0,0,3.5,3,2,0,0,7.5,0,5.5,1,0,0,0,0,0,0,0,0,0,0,0,0,13.5,0,0,0,0,0,0,0,0,0,0,0,0,0,0,0,1,0.5,1,0,0,0,0,0,0,0,0,0,0,0,0,0,0,0,0,0,0,0,2.5,0,6,0,0,8,7.5,0,0,0.5,1,0,0,15,0,0.5,10.5,0.5,0,0,0,0.5,0,2.5,10.5,0.5,0,0.5,25.5,37,29,,0,0,3.5,3.5,13.5,0,22.5,5.5,18.5,0,36,11,0,0,0,1.5
2014/2/11,5.5,1.5,0,0,1,2.5,0,0.5,0,0,6,1.5,2,0,0,1.5,0,1,0,0,0,0,0,0,0,0,0,0,0,0,0,1,0,0,4,5.5,4.5,0,0,0,0,0,0,0,0,0,0,0,0,0.5,0,0,0,0,0,0,0,0,0,0,0,0,0,0,0,0,0,0,0,0.5,0,1,0,0,1.5,1.5,0,0,0,0,0,2,0,0,0,0.5,0.5,0,0,0,0,0,0,0,0,0,0,0,0,0,,0,0,0,,0,0,0.5,0.5,0,0,0,0,0,0,0,0
2014/2/12,0.5,1,0,0,0,1.5,0,0,0,0,0,0,0,0,0,0,0,0,0,0,0,0,0,0,0,0,0,0,0,0,0,0,0,0,0.5,0,0,0,0,0,0.5,0,0,0,0,0,1.5,6,0,0,0,0,0,0,0,0,0,0,0,0,0,0,0,0,0,0,0,0,0,7,0,0.5,0,0,2.5,0,0,0,0,0,0,0,0,0,0,0,0,0,0,0,0,0,0,0,0,0,0,0,0,0,,0,0.5,0,0,0,0,0,0,0,0,0,9,0,0,0,1.5
2014/2/13,5.5,0.5,0,0,0.5,0,0,0,0,0,0,1.5,1,0,0,0.5,0,0.5,0,0,0,0,0,0,0,0,0,0,0,0,0,13,0,0,0,0,0,0,0,0,0,0,0,0,0,16,0,0,0,0,0,0,0,0,0,0,0,0,0,0.5,0,0,0,0,0,0,1,0,0,6.5,0,3,0,0,0.5,0,0,0,0,0,0,0.5,9,0,1.5,0,0,0,0,0,0,0,0,12,11,5,12.5,27,23.5,23,,3,0,14,13,21,6.5,14.5,13,19,14,24,5.5,0,0,11,0
2014/2/14,0,1.5,0.5,0,2,0,0,0,0,0,0,4.5,0,2.5,1.5,1.5,3,0.5,5,5,8,1.5,0.5,5.5,20.5,8,36,49,35,25.5,0,10.5,28.5,35,50,35.5,160,36,40,58,60,23.5,0,28.5,16.5,9,6.5,0.5,3,58,59.5,44.5,28,28.5,44,40,3.5,10.5,21.5,24,26,34.5,80,24,31.5,14,27.5,22.5,16.5,11,16.5,15.5,3,8,5,2.5,0,6,10.5,9,17.5,0,7.5,4,10.5,0.5,1.5,0,6.5,0,0,0.5,3,5.5,3.5,3.5,2,11,7.5,12.5,0,1,3.5,6,4,5.5,2.5,11,3,3,2,9,0,3,1.5,2,0.5
2014/2/15,2.5,0,0,5.5,19,10,21.5,6.5,55.5,71,8.5,9,1,41.5,47.5,23.5,62.5,9,26.5,93.5,63,100.5,142.5,110,74,67.5,104,68.5,94,74,0,66,67.5,46.5,85,58.5,96.5,44.5,28.5,40.5,,25.5,0,17.5,21.5,25,26,21,24,27,27.5,53,18,14,19,16.5,11.5,14,10.5,15.5,8,8,1.5,5.5,1.5,2,0,3.5,3.5,30,11.5,28,0.5,2,13,5.5,2.5,0,0,0,0,12,0,0,0,10,4.5,0.5,0,0.5,0,7,1.5,0,1.5,3.5,0,0,0,0,0,1,0.5,0,,0,0.5,0,0,0,0,0,0,1.5,0,2,0
2014/2/16,5,5,18.5,19.5,20.5,8,22.5,2.5,0,5.5,3.5,4,0,1,0.5,0.5,2,3,0.5,1,0,0,0,0,0,0,0,0,0,,0,4,0,0,0,0,0,0,0,0,0,13,0,0,0,1,1,1.5,0.5,0,0,0,7,0,0,0,0,0,0,0.5,0,0,0,0.5,0,0,0,0,0,0,0.5,0,0,0,0,0,0,0,0,0,0,7.5,0,0,0,0,0,0,0,0,0,0,0,0,0,0,0,0,0,0,0,0,0,0,0,0,0,0,0,0,0,0,0,0,0,0,0
2014/2/17,12.5,3.5,13.5,0,0,0,0,0,0,0,2.5,0.5,2,0,2,5,2.5,0.5,1.5,2.5,0,0,0,0,0,0,0,0,0,,0,5,0,0,0,0,0,0,0,0,0,0,0,0,0,3.5,4,3,3,0,0,0,0,0,0,0,0.5,2,0,0,0,0,0,0,0,0,0,0,0,3.5,0,4,0,0,2.5,0,0,0.5,2.5,4,0,0,8,2,0.5,0.5,2.5,3,1.5,9.5,14,5.5,6,8.5,17,15.5,15.5,16,9,9,9.5,13.5,17,8.5,10.5,7,4,17.5,22.5,12,4,7.5,0,16.5,8,9,22
2014/2/18,5,2,3.5,0,0,1.5,0,0,0,0,0,1,4,0,0,6.5,0,1.5,0,0,0,0,0,0,0,0,0,0,0,,0,0.5,0,0,0,0,0,0,0,0,0,0,0,0,0,0,0,0,1,0,0,0,0,0,0,0,0,0,0,0,0,0,0,0,0,0,8,0,0,0,0,0,0,0,0,0,0,0,3,2.5,0,2.5,8.5,4,4.5,0,0.5,4,3,3.5,3,2,4.5,8.5,3,1,3.5,21,22.5,24,9,0.5,0.5,3.5,5.5,18,12.5,17,22.5,21,11.5,25,11.5,0,0.5,7.5,0.5
2014/2/19,4,0,5,0,3,2,0,0,0,0,0,1.5,1.5,0,0,5,0,0.5,0,0,0,0,0,0,0,0,0,0,0,0,0,4,0,0,0,0,0,0,0,0,0,0,0,0,0,0,0,0,0,0,0,0,0,0,0,0,0,0,0,0,0,0,0,0,0,0,0,0,0,0,0,0,0,0,0,0,0,0,0,0,0,5,0,0,0,0,0,0,0,0,0,0,0,0,0,0,0,0.5,11,9,0,0,0,0,0.5,5.5,0.5,15,10.5,11,2.5,24.5,9,0,0,0,0
2014/2/20,2.5,0.5,0.5,0,2.5,0.5,0,0.5,0,0,1.5,2.5,0.5,0,0,2.5,0,1.5,0,0,0,0,0,0,0,0,0,0,0,0,0,2.5,0,0,0,0,0,0,0,0,0,0,0,0,0,2,0,0,0,0,0,0,0,0,0,0,0,0,0,0,0,0,0,0,0,0,0,0,0,0,0,0.5,0,0,0,0,0,0,0,0,0,0,2.5,0,0,0,0,0,0,0,0,0,0,0,0,0,0,0,0,0.5,0,0,0,0,0,0,0,2,0,0,0,0.5,1,0,0,0,0.5
2014/2/21,18.5,1.5,0,0,5,2,0,0,0,0,1,9,1.5,0,0,17.5,0,2.5,1,0,0,0,0,0,0,0,0,0,0,0,0,1.5,0,0,0,0,0,0,0,0,0,0.5,0,0,0,0.5,0,0,1.5,0,0,0,0,0,0,0,0,0,0,0,0,0,0,0,0,0,0,0,0,7,0,6,0,0,6.5,3.5,0,0,0,0,0,0,0,0,0,3.5,3.5,0,0,0,0,1.5,0,0,0,0,0,0,0,0,0,0,0,0,0,0,0,0,0,0,0,0,1,0,0,0,0
2014/2/22,3,1,0.5,0,1.5,4,0,0,0,0,3.5,3.5,2.5,0,0,4,0,5.5,2,0,0,0,0,0,0,0,0,0,0,0,0,1.5,0,0,0,0,0,0,0,0,0,0,0,0,0,0,0,0,0,0,0,0,0,0,0,0,0,0,0,0,0,0,0,0,0,0,0,0,0,0,0,0,0,0,0.5,0,0,0,0,0,0,0,0,0,0,0,0,0,0,0,0,0,0,0,0,0,0,0,0,0,0,0,0,0,0,0,0,0,0,0,0,0,0,0,0,0,0
2014/2/23,0.5,0,0,0,0,9.5,0,0,0,0,5.5,0,8.5,0,0,4,0,0,0,0,0,0,0,0,0,0,0,0,0,0,0,0,0,0,0,0,0,0,0,0,0,0,0,0,0,0,0,0,0,0,0,0,0,0,0,0,0,0,0,0,0,0,0,0,0,0,0,0,0,0,0,0,0,0,0,0,0,0,0,0,0,0,0,0,0,0,0,0,0,0,0,0,0,0,0,0,0,0,0,0,0,0,0,0,0,0,0,0,0,0,0,0,0,0,0,0,0
2014/2/24,0,0,0,0,0,0,0,0,0,0,0,0,0,0,0,0,0,0,0,0,0,0,0,0,0,0,0,0,0,0,0,0,0,0,0,0,0,0,0,0,0,0,0,0,0,0,0,0,0,0,0,0,0,0,0,0,0,0,0,0,0,0,0,0,0,0,0,0,0,0,0,0,0,0,0,0,0,0,0,0,0,0,0,0,0,0,0,0,0,0,0,0,0,0,0,0,0,0,0,0,0,0,0,0,0,0,0,0,0,0,0,0,0,0,0,0,0
2014/2/25,0,0,0,0,0,0,0,0,0,0,5.5,4.5,2,0,0,1.5,0,0.5,4,0,0,0,0,0,0,0,0,0,0,0,0,0.5,0,0,0,0,0,0,0,0,0,0,0,0,0,0,0,0.5,0,0,0,0,0,0,0,0,0,2,0,0,0,0,0,0,0,0,0,0,0,0,0,0,0,0,0,0,0,0,0,0,0,0,0,0,0,0,0,0,0,0,0,0,0,0,0,0,0,0,0,0,0,0,0,0,0,0,0,2.5,0,0,0,0,0,0,0,0,0
2014/2/26,0,0,0,0,0,0,0,0,0,0,0,0,0,0,0,0,0,0,0,0,0,0,0,0,0,0,0,0,0,0,1,0,0,0,0,0,0,0,0,0,0,0,0,0,0,0,0,0,0,0,0,0,0,0,0,0,0,0,0,0,0,0,0,0,0,0,0,0,0,0,0,0,0.5,0,0,2.5,1,2.5,5,4,4,0,9.5,1,1,2.5,8.5,8.5,3,39,24.5,17,4,5,16,10,13,24.5,30.5,45,23.5,28.5,17.5,18,16,18.5,27.5,19.5,51.5,47.5,12.5,30.5,4,33.5,31,41.5,46.5
2014/2/27,0,0,0,0,0,1,0,1,0.5,0,9.5,1,1.5,0.5,0,3,0.5,3.5,0.5,0,1,0,2,2.5,1.5,2.5,0.5,0,0,0.5,0,1,7.5,5,0,0,0,5.5,10,0.5,2,0,,0,1,7.5,4.5,5,8,19.5,66,53,9.5,28,31,27.5,9.5,5,5.5,8,5.5,23,99.5,6,36,39.5,39.5,9.5,15.5,4,6,7,18,14,11.5,11.5,14.5,11,19.5,10.5,60,2.5,35,86.5,50.5,11.5,14.5,4,3.5,6,2.5,2,5,31.5,0,2,0.5,9.5,7,12,32,0,1,4.5,12,8,0.5,64,4.5,2.5,1.5,6,23,1,0,2,0.5
2014/2/28,1,0.5,0,0,1,1,0,2.5,0.5,0,6.5,2,2.5,0.5,0,4,0,4,1.5,0,1,5,5,7.5,0.5,1.5,0,0,0.5,0,0,9.5,18,1,1,0.5,1.5,5,4.5,0,1,0,0,0,1,3.5,4,0.5,8,1,5.5,0,0,0,0,0,2.5,3,0,0,0,0,0,0.5,0,0,0,0.5,1,1,0,0,0,0,0,0,0,0,0,0,0,15,0,0,0,0,0,0,0,0,0,0,0,0,0,0,0,0,0,0,0,0,0,0,0,0,0,0,0,0,0,0,0,0,0,0,0
2014/3/1,0,0,0.5,0,0,0,0,0,0,0,0,0,0,0,0,0,0,0,0,0,1,1,2.5,1.5,1.5,2.5,3.5,0.5,1.5,2,1,2,1,2.5,0.5,2,0,0,0,2,0,0,0,0.5,1.5,3.5,3.5,0,3,0.5,0,0,2,1.5,1,1,2,2.5,2.5,3.5,3.5,2,5.5,4.5,5.5,4,4.5,4.5,5,3,3.5,1.5,4.5,2.5,2.5,2,3.5,5.5,7,6,3,0,3,12.5,5,2,2.5,3,2,3.5,4.5,4,3.5,4,12.5,10,8,9,24,14.5,4.5,4.5,7.5,9,13,14.5,8,6.5,9,20,15,20,0,3,3.5,7.5,8
2014/3/2,0,0,0,0,0,0,0,0,0,0,0,0,0,0,1.5,1,1,0,4.5,3.5,3.5,6,6.5,12,6,7,7.5,3,9,6,0,4.5,15,11.5,21.5,17,20,13.5,15,4.5,8,3.5,10,4.5,7,5.5,5,0.5,4,16,13,17,5.5,2.5,5,15.5,3.5,4,3,3,3.5,3,15.5,3.5,13,6.5,10,3,5.5,4.5,2.5,7,2.5,3.5,2.5,2.5,1,2.5,5,4,6.5,9,5.5,12,9,2.5,1,1.5,2.5,0,0,0.5,2,6.5,0,0,0.5,1,5,5,3,0,0.5,1,3,2,0,10,0,0.5,0.5,6.5,12.5,0,0,0.5,0
2014/3/3,0.5,0,0.5,0,2.5,0.5,0,0,0,0,0,0,0.5,0,0.5,1.5,1.5,0,0.5,0,0,1,0,0.5,0.5,0.5,0,1,0.5,0.5,0,8,1,1,4,0,0,0,0.5,0.5,1,0,0,0,0,1.5,1,0,1.5,0,0,0,0,0,0,0,0.5,0.5,0,0,0,0,0,0,0,0,0,0,0,13.5,0.5,14.5,0,0,1.5,0,0.5,0,0,0,0,5,0,0,0,0,0,0,0,0,0,0,0,0,0,0,0,0,0,0,0,0,0.5,0,0,0,0,0,0,0,0,0,2.5,0,0,0,0
2014/3/4,2,0,0,0,0,0,0,0,0,0,0,1,0,0,0,2,0,0,0,0,0,0,0,1,0,0,0,0,0,0,1,0,1,0,0.5,1,1,0.5,1,1,0.5,0,2,0,0,0,0,0,0,1,2.5,0.5,0.5,2,2,14,0,0,0,0,0,3.5,12,0,2,1.5,8,0,1,0.5,0,1.5,1.5,0.5,2,0,3.5,2,1.5,1,2,0,0,1,9.5,0,0,1.5,1.5,0,0,0,2,1.5,1,1,0,1.5,3.5,3,10.5,0.5,1.5,0,0.5,0.5,2,2,3.5,6.5,1.5,1.5,11,1.5,0.5,1.5,2.5
2014/3/5,7,1.5,3.5,3.5,3,6,0.5,3.5,22.5,8.5,13.5,3,4.5,19,15,6.5,10.5,9.5,11,14.5,30,33,26,24,45.5,34,14.5,14,9.5,14,0,12,30,44,31,30.5,41,45,46.5,45.5,48.5,10,45.5,11.5,16.5,14,14.5,19,16.5,56,78.5,97.5,17,15.5,23,38,11.5,9.5,11,13,16,18.5,41,11.5,28.5,9,88,8.5,10.5,10.5,10.5,11.5,6.5,6,7.5,4.5,4,5,5,7,8,1,10.5,11.5,21.5,4,2.5,3,5,1,2,0.5,9.5,7,3,4,5,8.5,16,13.5,11,1,4,5.5,7,13.5,5,4,11.5,7.5,8.5,15,0,1.5,2,3,4
2014/3/6,3.5,4,10,0.5,5.5,1,1,0.5,0.5,0,3.5,1,2.5,1,0.5,10.5,3,4.5,3,1.5,0.5,0,0,0,0,0,0,0,0,1,0,4,0,0,0,0,0,0,0,0,0,0,0,0,0,3.5,2.5,0.5,0.5,0,0,0,0,0,0,0,2,3,2.5,0,0,0.5,0,0,0,0,0,0,0,2.5,0,0.5,0,0,1.5,3,0.5,0,0,0,0,10,0,0,0,3,0,0,0,2,0,1.5,0,0,2.5,0,0,0,0,0,0,0,0,0,0,0,0,0,0,0,0,0,0,0,0,0,0
2014/3/7,2.5,4,0,0,6.5,1,0,0,0,0,1,2.5,0.5,0,0,8.5,1.5,1,0.5,0,0,0,0,0,0,0,0,0,0,0,0,7.5,0,0,0,0,0,0,0,0,0,0,0,0,0,2,3.5,1,3,0,0,0,0,0,0,0,2,2.5,1,0,0.5,0,0,0,0,0,0,0,0,5.5,0.5,22,0,0,17,4,0,0,0,0,0,0,0,0,0,10,0,0,0,0,0,0,0,0,0,0,0,0,0,0,0,0,0,0,0,0,0,0,0,0,0,0,0,0,0,0,0
2014/3/8,0.5,1.5,0,0,2,0,0,0,1,0,1.5,4,1,0,0,4.5,1.5,4,4,0,0,0,0,0,0,0,0,0,0,0.5,0,7.5,0,0,0,0,0,0,0,0,0,0.5,0,0,0,6,8.5,2,8,0,0,0,1,0,0,0,4.5,9.5,0.5,0,0,0,0,0,0,0,0,0,0,2,0,5,0,0,0.5,0,0,0,0,0,0,0,0,0,0,0,0,0,0,0,0,0,0,0,0,0,0,0,9.5,4,0.5,0,0,0,0,4,0,22.5,19,11,0,14,51.5,0,0,0,0
2014/3/9,8,0.5,0,0,11.5,3.5,0,4,1.5,0,5.5,6.5,2,0,0,6.5,2.5,1.5,1,0,0,0,0,0,0,0,0,0,0,0,0,14.5,0,0,0,0,0,0,0,0,0,1,0,0,0.5,11,10.5,2.5,23,0,0,0,1,0.5,0.5,0,14.5,12.5,3,0,0,0,0,0,1,0.5,0,0.5,0.5,6.5,0.5,13,0,0,5.5,6,0.5,0,0,0,2,0,0,0,0,8.5,3.5,0.5,0,6,2.5,2,1,0,0.5,0,0,0,4,3,0,0,0,0,0,0.5,0.5,3.5,2.5,2.5,0,5,1.5,0,0,0,0
2014/3/10,11,0,9,6.5,3.5,5.5,0,1,0,0,5,10.5,6,0.5,0,5,8,2.5,2.5,0,0,0,0,0,0.5,0,0,0,0,5.5,0,9.5,0,0,0.5,0,0,0,0,0,0,4.5,2,0,0.5,8,7,2.5,3.5,0,0,0,17,0.5,0,0,8.5,8,17.5,0,0,9.5,0,0,6,0,0,0,0,4,0,3.5,0,0,1,1.5,2.5,0,0,0,1.5,3,0,0,0.5,0.5,0.5,0,0,2,0,0,0,1.5,4,1,0.5,3.5,0,0,0,0.5,0,0,0,0,0,0,0,0,0,0,0,0,0,0,0
2014/3/11,3.5,0.5,4.5,0,8,0,0,3,0,0,6,5.5,1.5,0,0,11,5,8.5,0.5,0,0,0,0,0,0,0,0,0,0,0,0,0.5,0,0,0,0,0,0,0,0,0,0,0,0,0,0,1,0,0,0,0,0,0,0,0,0,0,1,0.5,0,0,0,0,0,0,0,0,0,0,0,0,0,0,0,0,0,0,0,0,0,0,3,0,0,0,0,0,0,0,0,0,0,0,0,0,0,0,0,0,0,0,0,0,0,0,0,0,0,0,0,0,0,0,0,0,0,0
2014/3/12,1.5,0.5,0,0,0.5,1,2.5,16,1.5,5.5,6,11,3,0,1,12,6.5,7,10,0,0,0,0,0,0,0,0,0,0,0,0,0,0,0,0,0,0,0,0,0,0,0,0,0,0,0,0,0,0,0,0,0,0,0,0,0,0,0,0,0,0,0,0,0,0,0,0,0,0,0,0,0,0,0,0,0,0,0,0,0,0,0,8,5,1,0,1,0,0,0,0,0,0.5,6.5,0,0,0,0,1,0.5,0,1,0.5,0,1,0,3,1.5,2,0.5,3,0.5,3,7.5,4.5,5,12.5
2014/3/13,1,0.5,0.5,8,10.5,13,17,25.5,31,31,27.5,27.5,9,31.5,29,30,23,29,7.5,36,21.5,40.5,15,17,13,13,5,5,4,7,0,14,30.5,25.5,13.5,21,23.5,27.5,44,26,29.5,11,57,39.5,37,43,45,67.5,63.5,33.5,74,30,54.5,23,51,12,51.5,18.5,27,25,23.5,29,86,28,44.5,35.5,25,41.5,59.5,49,36.5,43,31,38,50,52,31,26,21.5,8,33.5,0,32.5,130,28,49.5,39,51,27,30,18,27.5,49,56.5,17,19,27,11.5,34,30,30,24,30,26,39.5,34.5,58.5,52,53,43.5,23,26.5,45,31,38.5,87.5,44.5
2014/3/14,0.5,2,12.5,5,3.5,3.5,4,0.5,0,1,4,2.5,1,0.5,0,0,0,3,0,0,0.5,0,0.5,2.5,0,3.5,0,0,0,0,0,28.5,0,1.5,1,0.5,0,0,5,0,0,0,0,0,0,9,7.5,2,8,1.5,0,0,0.5,0,0,0,7.5,4,1,0,0,0,0,0,0,0,0,0,0,4,0,9.5,0,0,8,4,0,0,0.5,0,0,39.5,0,0,0,9,9.5,0,0,1,0,0,0,0,8,8.5,0,0,0,1,0,0,10,0,4.5,1,12,0,2.5,1.5,6.5,0.5,0,4,1.5,5,15
2014/3/15,1.5,0,0.5,0,0.5,3,0,0,0,0,0,0.5,8,0,0,0.5,0,1,0,0,0,0,0,0,0,0,0,0,0,0,0,0,0,0,0,0,0,0,0,0,0,0,0,0,0,0,0,0.5,0.5,1,0,0,0,0,0,0,0,0,0,0,0,0,0,0,0,0,0,0,0,0,0,0,0,0,0,0,0,0,0,0,0,5,0,0,0,0,0,0,0,0,0,0,0,0,0,0,0,0,0,0,0,0,0,0,0,0,0,0,0,0,0,0,0,0,0,0,0
2014/3/16,2.5,0,0,0,23.5,32.5,5.5,14,4.5,1,10.5,7.5,13,1.5,0.5,8.5,6,7,3.5,0.5,0,0,0,0,0,0,0,0,0,0.5,0,6.5,0,0,0,0,0,0,0,0,0,0,0,0,0,0,0,5,0.5,0,0,0,0,0,0,0,0,0,0,0,0,0,0,0,0,0,0,0,0,0.5,0,0,0,0,0,0,0,0,0,0,0,0,0,0,0,0,0,0,0,0,0,0,0,0,0,0,0,0,0,0,0,0,0,0,0,0,0,0,0,0,0,0,0,0,0,0,0
2014/3/17,0.5,0,0,0,0,0,0,0,0,0,0,0,0,0,0,0,0,0,0,0,0,0,0,0,0,0,0,0,0,0,1,0,0,0,0,0,0,0,0,0,0,0,0,0,0,0,0,0,0,0,0,0,0,0,0,0,0,0,0,0,0,0,0,0,0,0,0,0,0,0,0,0,0,0,0,0,0,0,0,0,0,0,0,0,0,0,0,0,0,0,0,0,0,0,0,0,0,0,0,0,0,0,0,0,0,0,0,0,0.5,0.5,0,0,0,0,0,0,0
2014/3/18,2.5,2.5,11,2.5,10,24.5,0,7.5,1.5,0,16,3.5,17,0,1,11.5,2,16,11.5,1,0.5,0,0,0,2,0,0,0,0,12.5,0,31,0,0,0,0,1.5,0,0,0.5,0.5,7.5,17.5,1,3,18.5,19,32.5,14,0,5.5,1.5,12,4.5,1.5,0,22,17,2.5,0.5,0.5,0,0,1,3.5,1,12.5,0.5,1.5,6.5,0,4,0,0,6.5,1,4,0,0,0,0,0,0,0.5,13,0.5,0,1,0,0.5,0,0,0.5,1,0,0,2,0,5,3.5,0,11,2.5,2.5,3.5,9.5,11.5,0.5,2.5,4,14.5,3.5,0,1,10.5,11,3.5
2014/3/19,0,0,1.5,0,0,0,0,0,0,0,0,0,0,0,0,0,0,0,0,0,0,0,0,0,0,0,0,0,0,0,0,0,0,0,0,0,0,0,0,0,0,0,0,0,0,0,0,0,0,0,0,0,0,0,0,0,0,0,0,0,0,0,0,0,0,0,0,0,0,0,0,0,0,0,0,0,0,0,0,0,0,0,3.5,5,0,0,0,0,0,0,0,0,0,1.5,0,0,0,0,9.5,5.5,3,0,0,0.5,1.5,2,0,31,2.5,2.5,3,2,0,0,0,0.5,0
2014/3/20,0.5,0,0,1.5,9,5,18.5,18.5,49.5,47.5,24,12,18,45,52,19,31.5,11.5,19,40,28.5,57.5,23,16,28.5,18.5,5,3.5,5,10.5,0,13.5,17,7.5,12.5,17.5,30.5,23.5,29.5,8.5,4,14,13.5,15.5,16,35,28,24,34,26.5,39.5,12,24,21,4.5,1.5,24.5,27.5,19,25,17,15.5,13.5,20.5,11,9,22.5,17,15,19.5,23.5,19.5,15.5,16,17,22,5.5,12.5,7.5,6,7.5,0,6.5,9.5,6.5,23.5,5.5,0.5,3,6,3,11,9.5,9.5,6,5,6,4,14,12,6,0,0,5,10,9.5,3,47.5,24,13.5,10,26,14,0,0,1.5,0
2014/3/21,6.5,0,8,7,19,11.5,19,2,3,29.5,6.5,3,5.5,2.5,4,13.5,1.5,10.5,3,0,0,1,0,0,0,0,0,0,0,6,0,38,0,0,0,0,0,0,0,0,0,1.5,0.5,0,0,5,3.5,2.5,4.5,0,0,0,3,0,0,0,7,14.5,8.5,2,0.5,0,1.5,0.5,14,1,0,0,0,13.5,3,16.5,0.5,0,14.5,5.5,7,0,0.5,0,0.5,17.5,1,0,0,6,1.5,2,0,8,4.5,3.5,1,0,5.5,0,7.5,1.5,0,0,0,7.5,3.5,1,0.5,0,0,0,0,0,0,0,0,3,0.5,3,2.5
2014/3/22,6,0,1.5,0,1.5,0,0,4,0,0,0,0.5,0.5,0,0,2,3,0.5,1,0,0,0,0,0,0,0,0,0,0,0.5,0,0.5,0,0,0,0,0,0,0,0,0,0,0,0,0,0,0,0,0,0,0,0,0,0,0,0,0,0,0,0,0,0,0,0,0,0,0,0,0,0,0,0,0,0,0,0,0,0,0,0,0,4,0,0,0,0,0,0,0,0,0,0,0,0,0,0,0,0,0,0,0,0,0,0,0,0,0,0,0,0,0,0,0,0,0,0,0
2014/3/23,0.5,0.5,0,0,0.5,4.5,0,2.5,0,0,1,3,0,0.5,0,1,1,0,0.5,0,0,0,0,0,0,0,0,0,0,0,0,0,0,0,0,0,0,0,0,0,0,0,0,0,0,0,0,0,0,0,0,0,0,0,0,0,0,0,0,0,0,0,0,0,0,0,0,0,0,0,0,0,0,0,0,0,0,0,0,0,0,0,0,0,0,0,0,0,0,0,0,0,0,0,0,0,0,0,0,0,0,0,0,0,0,0,0,0,0,0,0,0,0,0,0,0,0
2014/3/24,0,0,0,0,0,0,0,0,0,0,0,0,0,0,0,0,0,0,0,0,0,0,0,0,0,0,0,0,0,0,1,0,0,0,0,0,0,0,0,0,0,0,0,0,0,0,0,0,0,0,0,0,0,0,0,0,0,0,0,0,0,0,0,0,0,0,0,0,0,0,0,0,0,0,0,0,0,0,0,0,0,0,0,0,0,0,0,0,0,0,0,0,0,0,0,0,0,0,0,0,0,0,0,0,0,0,0,0,0,0,0,0,0,0,0,0,0
2014/3/25,0.5,0,0,0,0,0,0,0,0,0,0,0,0,0,0,0,0,0,0,0,0,0,0,0,0,0,0,0,0,0,1,0,0,0,0,0,0,0,0,0,0,0,0,0,0,0,0,0,0,0,0,0,0,0,0,0,0,0,0,0,0,0,0,0,0,0,0.5,0,0,0,0,0,0,0,0,0,0.5,1,2.5,4.5,1,0,1,2,0.5,0,1,5.5,3.5,8,10.5,5,3,4,12.5,15,5.5,1,0.5,0,0,8,12,2,1.5,0.5,0.5,0,0,0,0.5,0,0,13.5,0,5,13
2014/3/26,0,0,0,0,0,0,0,0,0,0,0,0,0,0.5,9,0.5,7,0,3,3.5,0.5,0,0,0,0.5,0,0,0,0,4,0,15.5,0,0,4.5,0,1.5,0,1.5,0,0,6.5,17,1,6,20,32,25.5,16.5,10.5,16,16.5,5.5,27,20,7,8,15,26,41.5,29,23,27,33.5,27.5,25.5,17,35.5,25,15,33.5,11.5,16.5,32,14,21,29,21,11,10.5,6.5,3,1.5,8,10,26,36.5,49.5,15,36,25,27,16.5,10.5,27,9,14.5,1.5,2.5,0,0.5,13.5,13,14.5,44,13,5,8.5,0.5,5,4,3.5,0,18.5,6.5,26.5,31
2014/3/27,0,0,0,0,0,0,0,0,0,0,0,0,0,6,10,6,10.5,3,6.5,12,3,3.5,0,0,0.5,0.5,0.5,2.5,1,0.5,0,12,4.5,5.5,11.5,1.5,3,1,5,1,9,5,10.5,3.5,1.5,14.5,14,4,17,10,5.5,4,2,0.5,0.5,0.5,2,6.5,1.5,0,0,0,0,0,0,0,10.5,0,0,0.5,0,0.5,0,0,0,0,0,0,0,0.5,1,12,4.5,0,0,0,0.5,0.5,4,1.5,1,0.5,0,0,2,2.5,4,1.5,0,0,0,0,1,0,2,0,0,0,0,0,0,0,0,0,0,2,0
2014/3/28,0.5,2,0,0,0,0,0,0,0,0,0.5,0,1,0,0,0,0,0,0,0,0,0,0,0,0,0,0,0,0,0,0,0,0,0,0,0,0,0,0,0,0,0,0,0,0,0,0,0,0,0,0,0,0,0,0,0,0,0,0,0,0,0,0,0,0,0,0,0,0,0,0,0,0,0,0,0,0,0,0,0,0,4.5,0,0,0,0,0,0,0,0,0,0,0,0,0,0,0,0,0,0,0,0,0,0,0,0,0,0,0,0,0,0,0,0,0,0,0
2014/3/29,0,0,0,0,0,0,0,0,0,0,0,0,0,0,0,0,0,0,0,0,0,0,0,0,0,0,0,0,0,0,1,0,0,0,0,0,0,0,0,0,0,0,1,0,0,0,0,0.5,0,0,2,5.5,0.5,2.5,1.5,4.5,0,2,1,1,0,1.5,1,1.5,2,7,8,2,2.5,3,1,11,7.5,9.5,9.5,7,9,3.5,2.5,3.5,5.5,0,18,25.5,24,9.5,21.5,22,4,49.5,28.5,15.5,10,8,27,17.5,27,10.5,39.5,22,26.5,57.5,32,47.5,34,53.5,36,12.5,74,60.5,38.5,31,3.5,49,67.5,92,49.5
2014/3/30,0.5,0,0,2.5,14.5,5.5,49,32.5,59,51,18,18,9,37,38.5,39.5,28,28,22,45,42.5,50,17.5,12,29,33.5,2,10,11,36.5,0,40.5,13.5,16.5,16,15,12,17,52,21,26.5,18.5,61.5,33,42,69,72.5,57,75,47.5,132,77,52.5,61.5,42.5,34,78,63.5,30,31.5,33,24.5,60.5,45.5,51,41.5,22,40,46,17.5,32,29,23,54,22.5,21.5,12.5,14,7,7.5,9.5,2,17,36.5,32,32.5,15,18,10,7.5,9.5,10,30.5,37,8,10,31.5,11,14.5,8.5,5.5,8.5,10.5,15.5,33.5,20.5,13.5,8,12,9.5,27,19,40.5,9,19,53.5,7.5
2014/3/31,0.5,0,8,6,10,2.5,11.5,1.5,1.5,1.5,0,4,0,0,0,3.5,0,1,1.5,0,0,0,0,0,0,0,0,0,0,6.5,0,1.5,0,0,0,0,0,0,0,0,0,1,0,0,0,0,0,0,0,0,0,0,5,0,0,0,0,0,0,0,0,0,0,0,0,0,0,0,0,0,0,0,0,0,0,0,0,0,0,0,0,10,0,0,0,0,0,0,0,0,0,0,0,0,0,0,0,0,0,0,0,0,0,0,0,0,0,0,0,0,0,0,0,0,0,0,0
2014/4/1,0,0,0.5,0,0,0,0,0,0,0,0,0,0,0,0,0,0,0,0,0,0,0,0,0,0,0,0,0,0,0,1,0,0,0,0,0,0,0,0,0,0,0,0,0,0,0,0,0,0,0,0,0,0,0,0,0,0,0,0,0,0,0,0,0,0,0,0,0,0,0,0,0,0,0,0,0,0,0,0,0,0,0,0,0,0,0,0,0,0,0,0,0,0,0,0,0,0,0,0,0,0,0,0,0,0,0,0,0,0,0,0,0,27,0,0,0,0
2014/4/2,0,0,0,0,0,0,0,0,0,0,0,0,0,0,0,0,0,0,0,0,0,0,0,0,0,0,0,0,0,0,1,0,0,0,0,0,0,0,7.5,0,4,0,0,0,0,0,0,0,0,5,1.5,0,0,0,0,0,0,0,0,0,0,0,6.5,0,0.5,0,0,0,0,0,0,0,0,0,0,0,0,0,0,0,0,0,0,0,0,0,0,0,0,0,0,0,0,0,0,0,0,0,0,0,0,0,0,0,0,0,0,0,0,0,0,0,0,0,0,0,0
2014/4/3,0,3,0.5,0,0,0,0,13.5,30,4.5,0,2.5,0,23,28.5,4,2.5,0,2,26.5,42.5,35,41.5,52,27.5,38,16.5,8.5,3.5,1.5,0,0.5,65,37,13.5,17.5,24.5,48.5,51.5,6.5,11.5,0,9,0.5,2,0,0,1.5,0,27.5,23.5,4,0,0,2,0,2,0.5,0,0,0,0,0,0,0.5,1,0,3.5,0.5,0,0,4,2.5,0,5.5,2.5,13,5,7,10.5,6.5,0,4.5,42.5,1.5,1.5,1.5,14,8.5,2,1.5,6,8,10,3.5,3,9.5,21,3.5,1.5,4.5,1,2.5,3.5,16,5.5,6,4.5,4.5,2.5,5.5,4,0,7,4,4.5,1
2014/4/4,8.5,16,34,43.5,5.5,18.5,25,41.5,61.5,55,8,12,4.5,70.5,26.5,14,22.5,20.5,18,22,24.5,74.5,80,46,11,26.5,4.5,3,3.5,7,0,42.5,40,11,10,33.5,4,39,16,2.5,2.5,7,13.5,6,16,35.5,13.5,19,19,17.5,2.5,4,21,4.5,4.5,2,27,25,8,5,4,1.5,1,8,4,7.5,8.5,6,9,15.5,6.5,22,4,4,19,9,4.5,3,7.5,8.5,3.5,10.5,2.5,3.5,3.5,21.5,12,1.5,9,7.5,5,14.5,4,3,9,7,1.5,0.5,2,1.5,1.5,2,1.5,0,0,0.5,0.5,1,1.5,2,0,1,0,0,0,0,0
2014/4/5,6.5,5.5,2,0,3.5,6,0.5,3,0,0.5,2.5,5,5.5,0,0,9.5,1,1.5,1.5,1,0,0,0,0,0,0,0,0,0,0,0,5,0,0,0,0,0.5,0,0,0,1,0,2,0.5,0,1.5,1,4,0,1,1.5,4.5,0,2,4,7.5,1,2,3.5,3.5,11.5,9,4,9,6,13,12.5,7,14,0.5,2.5,1,4,4,3.5,1,6,8.5,14.5,12.5,6,8.5,0,3,3,2,6.5,8,10,7.5,14,7,20,5.5,16,11.5,21.5,11,0,0,0,13.5,12.5,6,19,2.5,0,0,0,0,0,0,0,9.5,2,8,12.5
2014/4/6,0.5,5.5,1,0,0,0,0,2,0,0,0,3,0,0,0,0.5,0,1,3,0,2,3.5,3,3,0,1.5,0.5,0,0,0,0,11.5,7,2.5,12.5,8.5,13.5,10,3.5,1,3.5,0,3,0,2.5,1,0.5,0.5,2,3.5,1,0,1,1,1,2,6,8.5,1,0.5,2,0.5,0,0.5,2.5,1,0,0,3,3.5,0,12.5,1,1,7,4.5,0.5,0,0.5,1,1,10.5,2.5,0,0,8,11,1,0,14,2.5,9,4.5,1,2.5,0,1,0,0,0,0,0,0,0,0,0,0,0,0,0,0,0,0,0,0,0,0
2014/4/7,0,0,1.5,0,0,0,0,5,0,0,0,0,0,0,0,0,0,0,1.5,0,0,0,0,0,0,0,0,0,0,0,0,0,0,0,0,0,0,0,0,0,0,0,0,0,0,0,0,0,0,0,0,0,0,0,0,0,0,0,0,0,0,0,0,0,0,0,0,0,0,0,0,0,0,0,0,0,0,0,0,0,0,20,0,0,0,0,0,0,0,0,0,0,0,0,0,0,0,0,0,0,0,0,0,0,0,0,0,0,0,0,0,0,0,0,0,0,0
2014/4/8,0,0,0,0,0,0,0,1.5,0,0,0,0,0,0,0,0,0,0,0,0,0,0,0,0,0,0,0,0,0,0,1,0,0,0,0,0,0,0,0,0,0,0,0,0,0,0,0,0,0,0,0,0,0,0,0,0,0,0,0,0,0,0,0,0,0,0,0,0,0,0,0,0,0,0,0,0,0,0,0,0,0,0,0,0,0,0,0,0,0,0,0,0,0,0,0,0,0,0,0,0,0,0,0,0,0,0,0,0,0,0,0,0,0,0,0,0,0
2014/4/9,0,1.5,0,0,0,0,0,0,0,0,0,0,0,0,0,0,0,0,0,0,0,0,0,0,0,0,0,0,0,0,1,0,0,0,0,0,2,0,0,0,0,0,0,0,0,0,0,0,0,0,0,0,0,0,0,0,0,0,0,0,0,0,0,0,0,0,0,0,0,0,0,0,0,0,0,0,0,0,0,0,0,0,0,0,0,0,0,0,0,0,0,0,0,0,0,0,0,0,0,0,0,0,0,0,0,0,0,0,0,0,0,0,8,0,0,0,0
2014/4/10,6,0,10.5,1.5,4,6,0,0,0,0,3.5,1,4,0,0,3.5,0,4.5,0,0,0,0,0,0,0,0,0,0,0,0,0,9,0,0,0,0,0,0,0,0,0,0,0,0,0,0.5,0,0,1,0,0,0,0,0,0,0,0,0,0,0,0,0,0,0,0,0,0,0,0,0,0,0,0,0,0,0,0,0,0,0,0,0,0,0,0,0,0,0,0,0,0,0,0,0,0,0,0,0,0,0,0,0,0,0,0,0,0,0,0,0,0,0,3.5,0,0,0,0
2014/4/11,2.5,0,3.5,0,0,0,0,0,0,0,0,0,0,0,0,0,0,0,0.5,0,0,0,0,0,0,0,0,0,0,0,0,0,0,0,0,0,0,0,0,0,0,0,0,0,0,0,0,0,0,0,0,0,0,0,0,0,0,0,0,0,0,0,0,0,0,0,0,0,0,0,0,0,0,0,0,0,0,0,0,0,0,0,0,0,0,0,0,0,0,0,0,0,0,0,0,0,0,0,0,0,0,0,0,0,0,0,0,0,0,0,0,0,0,0,0,0,0
2014/4/12,0,0,0.5,0,0,0,0,0,0,0,0,0,0,0,0,0,0,0,0,0,0,0,0,0,0,0,0,0,0,0,1,0,0,0,0,0,0,0,0,0,0,0,0,0,0,0,0,0,0,0,0,0,0,0,0,0,0,0,0,0,0,0,0,0,0,0,0,0,0,0,0,0,0,0,0,0,0,0,0,0,0,0,0,0,0,0,0,0,0,0,0,0,0,0,0,0,0,0,1,0.5,0.5,0,0,0,0.5,0.5,5.5,7,2,1,3,1,0,0,0.5,0.5,0
2014/4/13,0,0,0.5,0,0,0,0,0,0,0,0,0,0,0,0,0,0,0,0,0,0,0,0,0,0,0,0,0,0,0,1,0,0,0,0,0,3,0,0,0,0,0,0,0,0,0,0,0,0,0,0,0,0,0,0,0,0,0,0,0,0,0,0,0,0,0,14,0,0,0,0,0,0,0,0,0,0,0.5,5.5,11,5,0,21.5,32,34.5,0,7,21.5,15.5,21,20.5,13,26.5,24.5,21.5,17.5,32,50.5,55.5,88.5,70,25,18,25,36,41.5,38.5,40.5,10.5,36.5,45.5,35.5,0,22.5,38,38,20
2014/4/14,0,0,0,0,0,0,0,0,0,0,0,0,0,0,0,0,0,0,0,0,0,0,0,0,0,0,0,0,0,0,1,0,0,0,1.5,0,14,0,0,0,0,0,0,0,0,0,0,0,0,0,0,0,0,0,0,0,0,0,0,0,0,0,0,0,0,0,2,0,0,0,0,0,0,0,0,0,0,0,0,0,0,18,0,1,1.5,0,0,0,0,0,0,0,0,1,0.5,0,0,0.5,0.5,0.5,0.5,0,0,0,0,0,0,1.5,0,0,0,0,0,0,0,0.5,0
2014/4/15,0,2.5,0,0,0,3,1,0.5,0,0,5,0,6,0,0.5,1.5,0.5,5,0,0,0,0,0,0,0,0,0,0,0,0,0,0,0,0,0,0,0,0,0,0,0,0,0,0,0,0,0,0,0,0,0,0,0,0,0,0,0,0,0,0,0,0,0,0,0,0,0,0,0,0,0,0,0,0,0,0,0,0,0,0,0,0.5,0,0,0,0,0,0,0,0,0,0,0,0,0,0,0,0,0,0,0,0,0,0,0,0,0,0,0,0,0,0,0,0,0,0,0
2014/4/16,0,0,0,0,0,0,0,0,0,0,0,0,0,0,0,0,0,0,0,0,0,0,0,0,0,0,0,0,0,0,1,0,0,0,0,0,0,0,0,0,0,0,0,0,0,0,0,0,0,0,0,0,0,0,0,0,0,0,0,0,0,0,0,0,0,0,0,0,0,0,0,0,0,0,0,0,0,0,0,0,0,0,0,0,0,0,0,0,0,0,0,0,0,0,0,0,0,0,0,0,0,0,0,0,0,0,0,0,0,0,0,0,0,0,0,0,0
2014/4/17,0,0,0,0,0,0,0,0,0,0,0,0,0,0,0,0,0,0,0,0,0,0,0,0,0,0,0,0,0,0,1,0,0,0,0,0,0,0,0,0,0,0,0,0,0,0,0,0,0,0,0,0,0,0,0,0,0,0,0,0,0,0,0,0,0,0,0,0,0,0,0,0,1.5,0.5,0,4,2,1.5,0,0,0,0,4,0.5,1,3.5,5.5,2,0.5,5.5,7,12,1.5,4.5,9,8.5,8,3.5,3.5,2,4,21.5,9,12,14,12,17,1.5,13.5,9,16.5,2,0,23,28,27,22.5
2014/4/18,0,0,1.5,0,0,0,0,0,0,0,0,0,0,0,0,0,0,0,0,0,0,0,0,1.5,3,5,5,2.5,4,3.5,1,3.5,0.5,8,7,3,4.5,3,6,10.5,10,3.5,1.5,2.5,1.5,5.5,4.5,0,5.5,8.5,6.5,6,4,2.5,3.5,5,14,3.5,5.5,6.5,5,6,14,5.5,15.5,10,23,9,10.5,7.5,8,7.5,10,7.5,10.5,8.5,13,16.5,11,11,7.5,0,13.5,11,21,8.5,13,15.5,11,12.5,8,7,20,7,2.5,0.5,4.5,2,7.5,2,0.5,3.5,2,7,20.5,12,7,2,9.5,16.5,13.5,6,0,0.5,2,7,2
2014/4/19,0,0,0.5,0,0,0,0,0,0,0,0,0,0,0,0,0,0,0,0,0,0,0,1,0.5,0,0,0,0,0.5,0.5,0,0,0.5,5.5,0.5,0.5,0,0,1.5,0.5,1.5,0,0,0,0,0,0,0,0,1,0,0,0,0,0,0,0,0,0,0,0,0,0,0,0.5,0,0,0,0,0,0,0,0,0,0,0,0,0,0,0,0,13.5,0,0,0,0,0,0,0,0,0,0,0,0,0,0,0,0,2.5,1,4,0,0,1.5,0.5,0.5,1.5,9.5,4,1.5,1.5,2,0,0.5,3,4,0
2014/4/20,0,0,0,0,0,0,0,0,0,0,0,0,0,0,0,0,0,0,0,0,0,0,0,0,1.5,0.5,0,0,0.5,1.5,0,0,0,1.5,0,0,0.5,0.5,3.5,1.5,1,0,2.5,0,1,0,0,0,0,2.5,2.5,3.5,0.5,7,8,3.5,0,0,0.5,0,0.5,8,61.5,0,4.5,0,9.5,0,1,0,0,0,0,0,0,0,0,0,0,0,0,0,2,1.5,1.5,0,0,0,0,0.5,0.5,1,1,2.5,3.5,5.5,6.5,9.5,19.5,61,23,6.5,3.5,7.5,14,15,14.5,20.5,10,15.5,15,26.5,0,8.5,10.5,10.5,3
2014/4/21,0,0,0,0,0,3,0,0,0.5,0,0,0,0,3,3,1.5,5.5,1,8.5,7,12,9.5,5,6.5,13.5,4.5,0,0,0.5,6.5,0,15.5,7,0.5,12.5,10,16.5,11.5,7.5,1.5,0.5,6,6.5,0,2,25,22.5,0.5,34.5,12.5,30.5,30,7,17.5,15,58.5,22,9.5,2,1.5,2,18.5,28.5,0.5,10.5,1,34.5,0,3.5,6.5,0,6,0.5,0,6.5,3.5,1.5,0.5,0,0.5,5.5,0,0,2,20.5,3,1,0,0.5,1,0,0.5,0,0,0,0,0,2.5,2,12.5,9,0,0,0.5,3.5,0,1,1,5,2.5,0,4.5,0,0,1,2,0
2014/4/22,0,0,0,0,0,0,0,0,0,0,1,1.5,0,0,0,1,0,0.5,0,0,0,0.5,2.5,1,0,0,0.5,0,0,0,0,0.5,4.5,3.5,3,3,5,9,10,0,10.5,0,0,0.5,0,0,0,0,0,9.5,0,0,0,0,0,0,0,0,0,0,0,0,0,0,0,0,0,0,0,0,0,0,0,0,0,0,0,0,0,0,0,1.5,0.5,0,0.5,0,0,0,0,0,0,0,0,0,0,0,0,0,11,8,1.5,0,0,0,0,3,1,12,5.5,9,1,17.5,1.5,0,0,0,0
2014/4/23,0,0,0,0,0,0,0,0,0,0,0,0,0,0,0,0,0,0,0,0,0,0,0,0,0,0,0,0,0,0,1,0,3.5,0,0,1,1.5,3.5,1,0.5,0,0,0,0,0,0,0,0,0,1,0.5,0.5,0,0,0,0,0,0,0,0,0,0,0,0,0,0,0,0,0,0,0,0,0,0,0,0,0,0,0,0,0,0,0,0,0,0,0,0,0,0,0,0,0,0,0,0,0,0,0,0,0,0,0,0,0,0,0,0,0,0,0,0.5,4,0,0,0,0
2014/4/24,0,0,0,0,0,0,0,0,0,0,0,0,0,0,0,0,0,0,0,0,0,0,0,2,0,0,0,0,0,0,1,0,0,0,0,0,0,0,0,0,0,0,0,0,0,0,0,0,0,0,0,0,0,0,0,0,0,0,0,0,0,0,0,0,0,0,0,0,0,0,0,0,0,0,0,0,0,0,0,0,0,0,0,0,0,0,0,0,0,0,0,0,0,0,0,0,0,0,0,0,0,0,0,0,0,0,0,0,0,0,0,0,36.5,0,0,0,0
2014/4/25,0,0,0,0,0,0,0,0,0,0,0,0,0,0,0,0,0,0,0,0,0,0,0,0,0,0,0,0,0,0,1,0,0,0,0,0,0,0,0,0,0,0,0,0,0,0,0,0,0,0,0,0,0,0,0,0,0,0,0,0,0,0,0,0,0,0,3,0,0,0,0,0,0,0,0,0,0,0,0,0,0,0,0,0,0,0,0,0,0,0,0,0,0,0,0,0,0,0,0,0,0,0,0,0,0,0,0,0,0,0,0,0,3,0,0,0,0
2014/4/26,0,0,0,0,0,0,0,0,0,0,0,0,0,0,0,0,0,0,0,0,0,0,0,0,0,0,0,0,0,0,1,0,0,0,0,0,0,0,0,0,0,0,0,0,0,0,0,0,0,0,0,0,0,0,0,0,0,0,0,0,0,0,0,0,0,0,0,0,0,0,0,0,0,0,0,0,0,0,0,0,0,0,0,17.5,0,0,0,0,0,0,0,0,0,0,0,0,0,0,0,0,0,0,0,0,0,0,0,0,0,0,0,0,0,0,0,0,0
2014/4/27,0,0.5,0,0,0,0,0,0,0,0,0,0,0,0,0,0,0,0,0,0,0,0,0,0,0,0,0,0,0,0,1,0,0,0,0,0,0,0,0,0,0,0,0,0,0,0,0,0,0,0,0,0,0,0,0,0,0,0,0,0,0,0,0,0,0,0,0,0,0,0,0,0,0,0,0,0,0,0,0,0,0,0,0,0,0,0,0,0,0,0,0,0,0,0,0,0,0,0,0,0,0,0,0,0,0,0,0,0,0,0,0,1,8.5,0,0,0,0
2014/4/28,0,0,0,0,1,0,0,0,0,0,0,0,0,0,0,0,0,0,0,0,0,0,0,0,0,0,0,0,0,0,1,0,0,0,0,0,0,0,0,0,0,0,0,0,0,0,0,0,0,0,0,0,0,2,0.5,0,1,1,2,1.5,1,0.5,16.5,0.5,7.5,0.5,6.5,0,0,3.5,2.5,10.5,15.5,0.5,14,24.5,16,6,2,3.5,11.5,0,5,24,14.5,22,7.5,7,3,10,3.5,4,1,1,4.5,1.5,1.5,6,13.5,17.5,54,5,4.5,2,12.5,8.5,8.5,12,51,18.5,10,4.5,8.5,6.5,24,18,41.5
2014/4/29,0,0,0,0,0,0,0,0,0,0,0,0,0,0,0,0,0,0,0,0,0,0,0,0,1,0,0,0,0,5,0,0,0,0,0,0.5,1,0,2,3,2,1,11,2.5,3.5,4.5,5,2,5.5,4,15.5,20,9,35.5,30.5,28,15.5,11,32,52.5,46.5,100.5,232.5,33,80.5,40.5,128.5,45,32.5,26,59,6,28,45.5,7.5,11.5,24.5,11.5,7.5,5,91,1,23.5,75.5,75.5,10.5,3,8.5,2.5,10.5,3.5,2.5,2.5,2,1,2,0.5,6,2.5,1,13.5,3,3,1.5,3,2,0.5,0,0,0,1.5,0.5,0,0.5,0.5,4.5,0.5
2014/4/30,0,0,0,0,0,0,0,5.5,13.5,1.5,0,0,0,4.5,10.5,1.5,2,0,7.5,17,35,18.5,19,33.5,88.5,59.5,14,20,15.5,33.5,0,8,27,25,10,23.5,22,29.5,57,33.5,27.5,13,35,29,18,16.5,19.5,20,20.5,36.5,123.5,77,30.5,28,59,56.5,20,5.5,7.5,3.5,9,62,70,2,44,2,6,2,1,6.5,6,1,5.5,9.5,2.5,0.5,5.5,0,0,0,1.5,4,0,0,0,2,0,0.5,1.5,0.5,4.5,0.5,0,0,7.5,4,0.5,0,0,0,0,0,1.5,2.5,7.5,0,1,0,0,0,0,0,0,1,0.5,6.5,1
2014/5/1,1,0,0.5,0,0.5,0,7.5,11.5,25.5,9.5,10,21.5,0.5,39,14,7.5,4.5,12.5,0.5,8,17.5,25.5,19.5,9,13.5,10,2,3,4.5,0.5,0,0,23,2,4.5,6.5,3.5,8.5,2,0,11,1,0,0,0,0.5,1,3.5,0.5,0,4.5,0,1.5,0,0,0,7.5,2,0,0.5,0,0,0,0,0,0,0,0,0,3.5,2.5,0,0,0,0,0,0,0,0,0,0,0,0,0,0,0,1,0,0,0,0,0,0,0,0,0,0.5,0,0,0,0,0,0,0,0.5,0,0,0,0,0,0,0,0,0,0.5,1,0
2014/5/2,0,0,0.5,0,0.5,1,0,0.5,0,0,4.5,0.5,0.5,0,0,2.5,0,0.5,0,0,0,0,0,0,0,0,0,0,0,0,0,0,0,0,0,0,0,0,0,0,0,0,0,0,0,0,0,0,0,0,0,0,0,0,0,0,0,0,0,0,0,0,0,0,0,0,0,0,0,0,0,0,0,0,0,0,0,0,0,0,0,0,0,0,0,0,0,0,0,0,0,0,0,0,0,0,0,0,0,0,0,0,0,0,0,0,0,0,0,0,0,0,0,0,0,0,0
2014/5/3,0,1,0.5,0,0,0.5,0,0,0,0,0.5,0,2.5,0,0,0.5,0,0,0,0,1,0,0,0,0.5,1.5,0,0,0,0,1,0,0,0,0,0,0,0,0,0,0,0,0,0,0,0,0,0,0,0,0,0,0,0,0,0,0,0,0,0,0,0,0,0,0,0,0,0,0,0,0,0,0,0,0,0,0,0,0,0,0,0,0,0,0,0,0,0,0,0,0,0,0,0,0,0,0,0,0,0,0,0,0,0,0,0,0,0,0,0,0,0,0,0,0,0,0
2014/5/4,0,3.5,0,0,0,0,0,0,0,0,1.5,0,3.5,0,0,0,0,0,0,0,0,0,0,0,0,0,0,0,0,0,1,0,0,0,0,0,0,0,0,0,0,0,0,0,0,0,0,0,0,0,0,0,0,0,0,0,0,0,0,0,0,0,0,0,0,0,0,0,0,0,0,0,0,0,0,0,0,0,0,0,0,0,0,0,0,0,0,2.5,0,0,0,0,1,0,0,0,0,0.5,0,0,0,0,0,0,10.5,0,0,0,0,0,0,0,0,0,0,0,0
2014/5/5,1,0.5,0,0,1.5,18,0.5,0,14,4,9,3,12,1.5,0,2,2,4,0,0,0,30.5,3,1.5,2,0,0,0,0,3.5,0,2.5,0,0,1,1,4.5,0,0,0,0,0,5,0.5,1,2.5,4,7,7,5,12,11.5,4,4,16,6,2,2,3.5,1.5,0.5,0.5,5.5,3,3,3,18.5,4,3,0,5,6,2.5,1.5,2,0,7.5,6,1.5,2.5,0.5,0,4,7,7,0,4,4,11,1,2,5,17,9.5,1,0,0,2,8.5,4,1.5,0,1,4,9.5,1,2.5,13.5,6.5,4.5,1,11.5,66.5,1,0,1.5,4
2014/5/6,0,0.5,6.5,1.5,0,0,0,0,0,0,2,0,0,0,0,0.5,0.5,1.5,0,0,2.5,1,5.5,2,3.5,0,0,0,0,0.5,0,0.5,3.5,0,0,1,0,1.5,1,0,0,0,0,0,0.5,0,0,0,0,4.5,2,0,0,0,0,0,0,0,0,0,0,0,0,0,0,0,0,0,0,0,0,0,0,0,0,0,0,0,0,0,0,4,0,0,0,0,0,0,0,0,0,0,0,0,0,0,0,0,0,0,0,0,0,0,0,0,0,0,0,0,0,0,1.5,0,0,0,0
2014/5/7,0,1.5,0,0,0,0,0,0,0,0,0,0,0,0,0,0,0,0,0,0,0,0,0,0,0,0,0,0,0,0,1,0,0,0,0,0,0,0,0,0,0,0,0,0,0,0,0,0,0,0,0,0,0,0,0,0,0,0,0,0,0,0,0,0,0,0,0,0,0,0,0,0,0,0,0,0,0,0,0,0,0,0,0,0,0,0,0,0,0,0,0,0,0,0,0,0,0,0,0,0,0,0,0,0,0,0,0,0,0,0,0,0,15,0,0,0,0
2014/5/8,0,0,0,0,0.5,2,0,0,0,0,7.5,0,6.5,0,0,0,0,1,2,0,0,0,0,0,0,0,0,0,0,5,0,4,0,0,0,0,0,0,0,0,0,9.5,0,3.5,15.5,8,5.5,13.5,7.5,0,0.5,0,12,0,0,0,10.5,7,0,0,0,0,0,0,0,0,0,0,0,1,0,5,3.5,2,6.5,1,0.5,0,0,0,0,0,0,0,0,7,0,0,0,0,0,0,0,0,0,0,0,0,0,0,0,0,0,0,0,0,0,0,0,0,0,0,14,0,0,0,0
2014/5/9,0,0,4,3.5,8,13.5,2,1.5,1.5,0,23.5,11.5,11.5,1.5,0.5,14.5,4,10,2,1,4,9,9,6.5,3,3,0,0,2.5,1.5,0,0.5,1.5,0,4.5,1,0,0,0.5,0,0,0,7,0.5,2,0,0.5,0,0.5,0.5,0,0,1.5,1,1,0,0,0,0.5,0,0,0,0,0,0,0,0,0,0,0.5,0,0,0,0,0,0.5,0,0,0,0,0,0,0,0,0,0.5,0,0,0,0,0,0,0,0,0,0,0,0,0,0,0,0,0,0,0,0,0,0,0,0,0,0,0.5,0,0,0,0
2014/5/10,0,0,0.5,0,0,0,0,0.5,1,0,2,1,0,1,0,2,0,2.5,0.5,0,0,0,0,0,0,0,0,0,0,0,0,0,0,0,0,0,0,0,0,0,0,0,0,0,0,0,0,0,0,0,0,0,0,0,0,0,0,0,0,0,0,0,0,0,0,0,0,0,0,0,0,0,0,0,0,0,0,0,0,0,0,0,0,0,0,0,0,0,0,0,0,0,0,0,0,0,0,0,0,0,0,0,0,0,0,0,0,0,0,0,0,0,33.5,0,0,0,0
2014/5/11,0,0,0,0,0,0,0,0,0,0,0,0,0,0,0,0,0,0,0,0,0,0,0,0,0,0,0,0,0,0,1,0,0,0,0,0,0,0,0,0,0,0,0,0,0,0,0,0,0,0,0,0,0,0,0,0,0,0,0,0,0,0,0,0,0,0,0,0,0,0,0,0,0,0,0,0,0,0,0,0,0,0,0,0,0,0,0,0,0,0,0,0,0,0,0,0,0,0,0,0,2,0,0,0,0,0,0,1,2,0,0,0,2.5,0,0,1,0
2014/5/12,0,0,0,0,0,1.5,0,0,0.5,0,0.5,1.5,1.5,0,0,3.5,0,2,0,0,0.5,0.5,0.5,0.5,0.5,1,1,0,0,1,0,0,1,0,0,0,0,0.5,0,0,1,0,10.5,0,0,1.5,4,14,6.5,0.5,3,11,2,27,19,17.5,5,12.5,14,11.5,5,27,21.5,9,22.5,21,50.5,12.5,13,4.5,10.5,4.5,26.5,14.5,2,3.5,12,10.5,7,7.5,16.5,0,71,50,66,7,15.5,30,11,95,31.5,25,32,50,38,27,36,11,49.5,29.5,54,98.5,44.5,50,56.5,50.5,75.5,39,54,59,48,31,44,64,57.5,79.5,68.5
2014/5/13,0,3.5,0.5,0,0,0.5,0.5,2,0.5,0,2.5,1,2.5,3,2.5,4,0.5,2,5,3,3.5,11.5,9,9,1.5,3,0.5,0,0,0.5,0,2.5,5.5,0,16,8.5,17.5,9.5,3,0,0.5,0,13.5,0,1,0.5,1.5,1,1.5,10,22,28.5,4,13,17.5,23.5,1.5,2.5,4,7.5,7.5,21.5,11,6,11,2.5,15,4,5.5,0,3,0,0.5,3,0,0,0,0,0,0.5,0,4.5,0,0,0,0,0,0,0,0,0,0,0,0,0,0,0,0,0,0,0,0,0,0,0,0,0,0,0,0,0,0,43,0,0,0,0
2014/5/14,0,5,4,0.5,0,0,0,0,0,0,0,0,0,0,0,0,0,0,0,0,0,0,0,0,0,0,0,0,0,0,1,0,0,0,0,0,0,0,0,0,0,0,0,0,0,0,0,0,0,0,0,0,0,0,0,0.5,0,0,0,0,0.5,0.5,4,2.5,6,3,28,2.5,2.5,0,0,0,0.5,1.5,0,0,0,1.5,3.5,3,4,0,36,16,46.5,0,0.5,2.5,2,12.5,17,3.5,7,14,13.5,5.5,20.5,27.5,59.5,76,51,16.5,4,42,54,60.5,39.5,58.5,30.5,64.5,41.5,30,0.5,8.5,19,30,8.5
2014/5/15,0.5,0,0,0,11.5,14.5,18.5,11.5,15,12.5,12.5,9,14,5.5,6.5,12,11.5,11.5,2.5,3,0,0,1,1.5,0.5,0,0.5,3,1,3.5,0,6,0.5,1.5,11.5,3.5,12,4,3,0.5,8,7.5,2,0,0.5,8.5,4.5,5,15.5,3,6,7.5,14,0,0.5,3,6,5,4,2,3.5,1,12.5,3.5,9.5,1.5,7,1,2,2.5,1,0.5,2.5,1.5,9.5,7.5,2.5,2,2,2.5,0.5,7.5,0.5,0.5,2,8,11,1,2,3.5,6,4,2.5,2,1,2,2.5,0,0,0,0,1,1.5,5,19,0,1,0,1,0,1.5,0.5,4.5,1.5,2,2.5,0.5
2014/5/16,38.5,27,75.5,42,15,10.5,5,8.5,1.5,0,3.5,7,8,0,0,25.5,1,10,1,0.5,0,0.5,0,0,0,0,0,0,0,0,0,0,0,0,0,0.5,0,0,0,0,0,0,0,0,0,0,0,0.5,0,0,0,0,0,0,0,0,0,0,0,0,0,0,0,0,0,0,0,0,0,0,0,0,0,0,0,0,0,0,0,0,0,1.5,0,0,0,0,0,0,0,0,0,0,0,0,0,0,0,0,0,0,0,0,0,0,0,0,0,0,0,0,0,0,0,0,0,0,0
2014/5/17,7.5,5.5,24,0,1.5,1,0,0,0,0,1,1,0.5,0,0,4,0,3,2.5,0,0,0,0,0,0,0,0,0,0,0,0,0.5,0,0,0,0,0,0,0,0,0,0,0,0,0,0.5,0,0,0.5,0,0,0,0,0,0,0,0,0,0,0,0,0,0,0,0,0,0,0,0,0,0,0,0,0,0,0,0,0,0,0,0,0,0,0,0,0,0,0,0,0,0,0,0,0,0,0,0,0,0,0,0,0,0,0,0,0,0,0,0,0,0,0,0,0,0,0,0
2014/5/18,2.5,0,1.5,0,0,0.5,0,0,0,0,0,1,0.5,0,0,6,0,4,0,0,0,0,0,0,0,0,0,0,0,0,0,0,0,0,0,0,0,0,0,0,0,0,0,0,0,0,0,0,0,0,0,0,0,0,0,0,0,0,0,0,0,0,0,0,0,0,0,0,0,0,0,0,0,0,0,0,0,0,0,0,0,0,0,0,0,0,0,0,0,0,0,0,0,0,0,0,0,0,0.5,0,0,0,0,0,0,0,0,4.5,1.5,0.5,0,1,29,0,0,0,0
2014/5/19,0,0,0,0,0,0,0,0,0,0,0,0,0,0,0,0,0,0,0,0,0,0,0,0,0,0,0,0,0,0,1,0,0,0,0,0,0,0,0,0,0,0,0,0,0,0,0,0,0,0,0,0,0,0,0,0,0,0,0,0,0,0,0,0,0,0,0,0,0,0,0,0,0,0,0,0,0,0,0,0,0,0,0,0,0,0,0,0,0,0,0,0,0,0,0,0,0,0,9,18.5,11.5,0,0,6,10,7,3,3.5,0.5,2,8,6,0,0,0,2,0
2014/5/20,0,0,0,0,0,0,0,0,0,0,0,0,0,0,0,0,0,0,0,0,0,0,0,0,0,0,0,0,0,0,1,0,0,0.5,0,0,0,4.5,1,0,1.5,0,7.5,0,0,0,0,1,0,3,4,8.5,1,6.5,13.5,15.5,1,1.5,3.5,9,18,24,73,18.5,22.5,13.5,85,15,18.5,7,10.5,9.5,16,13,14,24.5,22.5,34,28,19.5,28,0,103,53,104.5,15.5,44.5,46.5,23.5,50.5,59,61,21.5,28,44,55,32,40.5,38.5,59.5,82.5,43,48.5,24.5,55,52,28.5,12.5,5.5,17.5,45,13,6.5,46,29.5,28.5,57
2014/5/21,6.5,0,0,0,0.5,8.5,9,10,32.5,18,12.5,30.5,11,24,40.5,26.5,31,18.5,24,30.5,38,60.5,44,42.5,90.5,33,58.5,47.5,60.5,57,0,16.5,52,50.5,52.5,44,64,57.5,52,18,35,34.5,21.5,33.5,25.5,26.5,20.5,24,26.5,43.5,41.5,14.5,35.5,26,27,41,35.5,35.5,21,37,19,28,78.5,17.5,20,13,33.5,25,13,41,34,30,13,19,20,15.5,17.5,11.5,9.5,4.5,9.5,19.5,0,0,1,11.5,3.5,1,4.5,0,0,0,2,0.5,0,0,1,0.5,0,0,0,0,0,0.5,4,0,0,0,0,0,0,0,0,0.5,0,0,0
2014/5/22,0,0,0,0,3,6,57,5,20.5,23.5,8.5,13.5,10.5,9.5,4,9.5,9,5.5,0,5,0.5,1,0,0.5,2.5,1.5,0,0,0,0,0,4.5,19.5,8,0,2.5,4,5.5,1.5,0,1,0,0,0,0,0.5,0.5,1,0,9,0,0,3,0,0,0,2.5,3.5,3.5,0,0,0,0,0,0.5,0,0,0,0,0,0,0.5,0,0,0.5,0.5,0,0,0,9,0,11,0,0,0,0,0,0,0,0,0,0,0,0,0,0,0,0,0,0,0,0,0,0,0,0,0,0,0,0,0,0,13,0,0,0,0
2014/5/23,0,0,1,0,0,0,0,0,0,0,0,0.5,0,0,0,0,0,0,0,0,0.5,0,0,0,0,0,0,0,0,0,0,2.5,0,0,0,0,0,0,0,0,0,0,0,0,0,0,0,0,1.5,1.5,2.5,0,0,0,0,0,2,2,0,0,0.5,0,0,0,0,0,0,0,0,0,0,0,0,0,0,0,0,0,0,0,0,0,0,0,0,0,0,0,0,0,0,0,0,0,0,0,0,0,0,0,0,0,0,0,0,0,0,0,0,0,0,0,32.5,0,0,0,0
2014/5/24,0,0.5,0.5,0,0,0,0,0,0,0,0,0,0,0,0,0,0,0,0,0,0,0,0,0,0,0,0,0,0,0,1,0,0,0,0,0,0,0,0,0,0,0,0,0,0,0,0,0,0,0,0,0,0,0,0,0,0,0,0,0,0,0,0,0,0,0,0,0,0,0,0,0,0,0,0,0,0,0,0,0,0,0,0,0,0,0,0,0,0,0,0,0,0,0,0,0,0,0,0,0,0,0,0,0,0,0,0,0,0,0,0,0,0,0,0,0,0
2014/5/25,0,0,1.5,0,0,0,0,0,0,0,0,0,0,0,0,0,0,0,0,0,0,0,0,0,0,0,0,0,0,0,1,0,0,0,0,0,0,0,0,0,0,0,0,0,0,0,0,0,0,0,0,0,0,0,0,0,0,0,0,0,0,0,0,0,0,0,0,0,0,0,0,0,0,0,0,0,0,0,0,0,0,0,0,0,0,0,0,0,0,0.5,4,1,0,0,1.5,2.5,0,0,0,0,0,1,3,0,0,0,0,0,0,0,0,0,0,2.5,0,0.5,2.5
2014/5/26,2,0,0,0.5,2,15,3,3,3.5,2,14,2.5,10.5,7.5,9,3,5.5,12.5,7,11,9,5,6.5,9.5,12,13,7,2,6,18.5,0,4,7.5,4,4.5,5,2.5,4,3.5,11.5,8.5,9,33,12,10,17.5,17.5,21.5,24,12.5,39.5,68,21.5,66,59,59,29,18.5,19,19,19,46,31,16.5,43,14,64,17,13.5,9,11.5,15,16.5,29,22.5,21,15.5,11.5,6,7.5,8,0,26,75.5,56.5,18.5,17,27,8.5,6,3.5,1.5,12.5,21,1,2,0,3,48.5,36,5.5,3.5,2,3,7.5,39.5,42,92,77,77.5,37.5,56,2.5,5,5,8.5,19.5
2014/5/27,0.5,8.5,0,4.5,1.5,2,2,5.5,7.5,4.5,4.5,4,2.5,10,6.5,7,5,5,5.5,7.5,4.5,24.5,46.5,29,3,8.5,8.5,4,2.5,4,0,0.5,21.5,16,56.5,31,54,32,34.5,9.5,13.5,0,5,2,3.5,0.5,0,0,0,30.5,37.5,16.5,1,0.5,1,3,0,1,0.5,0.5,0.5,0.5,0,0,0,0,0,0,0,0,0,0,0,0,0,0,0,0,0,0,0,4.5,0,0,0,0,0,0,0,0,0,0,0,0,0,0,0,0,0,0,0,0,0,0,0,0,0,0,0,0,0,0,43,0,0,0,0
2014/5/28,0,0,0,0,0,0,0,0,0,0,0,0,0,0,0,0,0,0,0,0,0,0,0,0,0,0,0,25,7.5,41.5,1,0,0,0,0,0,0,0,0,0,0,1,0,0,0,0,0,0,0,0,0,0,0,0,0,0,0,0,0,0,0,0,0,0,0,0,0,0,0,0,0,0,0,0,0,0,0,0,0,0,0,0,0,0,0,0,0,0,0,1,1.5,4,0,0,0,0,1,0,0,0,0,0,0,0,0.5,0,0,0,0,0,0,0,2.5,0,0,0,0
2014/5/29,0,0,0,0,0,0,0,0,0,0,0,0,0,0,0,0,0,0,0,0,0,0,0,0,0.5,0,31,0.5,7,0,0,0,0,0,0,0,0,0,2,0,22.5,0,0,0,0,0,0,0,0,0,0,0,0,0,0,0,0,0,0,0,0,0,0,0,0,0,0,0,0,0,0,0,0,0,0,0,0,0,0,0,0,0,0,0,0,0,0,0,0,0,0,0,0,0,0,0,0,0,0,0,0,0,0,0,0,0,0,0,0,0,0,0,0,0,0,0,0
2014/5/30,0,4,0,0,0,0,0,0,0,0,0,0,0,0,0,0,0,0,0,0,0,0,0,0,0,0,0,0,0,0,0,0,0,0,0,0,0,0,0,0,0,0,0,0,0,0,0,0,0,0,0,0,0,0,0,0,0,0,0,0,0,0,0,0,0,0,0,0,0,0,0,0,0,0,0,0,0,0,0,0,0,0,0,0,0,0,0,0,0,0,0,0,0,0,0,0,0,0,0,0,0,0,0,0,0,0,0,0,0,0,0,0,0,0,0,0,0
2014/5/31,0,1,0,0,0,0,0,0,0,0,0,0,0,0,0,0,0,0,1,0,0,0,0,0,0,0,0,0,0,0,0,0,0,0,0,0,0,0,0,0,0,0.5,0,0,0,0,0,0,0,0,0,0,0,0,0,0,0,0,0,0,0,0,0,0,0,0,0,0,0,0,0,0,0,0,0,0,0,0,0,0,0,0,0,0,0,0,0,0,0,0,0,0,0,0,0,0,0,0,0,0,0,0,0,0,0,0,0,0,0,0,0,0,0,0,0,0,0
2014/6/1,0,0,0,0,0,0,0,0,0,0,0,0,0,0,0,0,0,0,0,0,0,0,0,0,0,0,0,0,0,0,1,0,0,0,0,0,0,0,0,0,0,0,0,0,0,0,0,0,0,0,0,0,0,0,0,0,0,0,0,0,0,0,0,0,0,0,0,0,0,0,0,0,0,0,0,0,0,0,0,0,0,0,0,0,0,0,0,0,0,0,0,0,0,0,0,0,0,0,0,0,0,0,0,0,0,0,0,0,0,0,0,0,2.5,0,0,0,0
2014/6/2,0,0,0,0,0,0,0,0,0,0,0,0,0,0,0,0,0,0,0,0,0,0,0,0,0,0,0,0,0,0,0,0,0,0,0,0,0,0,0,0,0,0,0,0,0,0,0,0,0,0,0,0,0,0,0,0,0,0,0,0,0,0,0,0,0,0,0,0,0,0,0,0,0,0,0,0,0,0,0,0,0,0,0,0,0,0,0,0,0,0,1.5,0,0,0,3,4,5.5,3,16,17,7,4.5,4,6,11.5,12,8.5,25,37.5,37,14,24,0,8.5,11,13,8
2014/6/3,0,0,0,0,0,0,0,0,0,0,0,0,0,0,0,0,0,0,0,0,0,0,0,0,0,0,0,0,0,0,1,0,0,0,0,0,0,0,0,0,0,0,0,0,6,0,0,0,0,0,0,0,0,0,0,0,0,0,0,0,0,0,0,0,0,0,0.5,0,1.5,0,0,0,0,0,0,0,0,0,0,0,0,0,1,0,0,0,0,0,0,0,0,0,0,0,0.5,3,0,1,49.5,61.5,69,3,2.5,3.5,7.5,17,7,68.5,25.5,29,23,81,6.5,5,6.5,6.5,0.5
2014/6/4,0,0,0,0,0,0,0,0,0,0,0,0,0,0,0,0,0,0,0,0,0,0,0,0,0,0,0,0,0,0,1,0,0,0,0,0,0,0,0,0,0,0,0,0,0,0,0,0,0,0,0,0,0,0,0,0,0,0,1,2.5,0,0,26.5,2,12.5,1.5,18.5,6.5,5,2.5,2,2,7.5,8,5.5,3,11.5,17.5,2.5,12,8,0,213,51,76.5,6,7.5,33,41,14.5,9.5,3,65.5,60,6.5,0.5,34,129.5,64,83.5,287,0.5,0,33,44.5,36.5,13.5,31,1,26.5,30.5,18,8.5,0,0.5,11,0
2014/6/5,0,0,0,0,0,0,0,0,0,0,0,0,0,0,0,0,0,0,0.5,0.5,1.5,0,3.5,6,22,4.5,14,15.5,3,11.5,0,0,18,26,6.5,6.5,15,24,22,3.5,30,0,3,0,1.5,0.5,0.5,1,3,7.5,11,8,2,29,18,14,12.5,7,7.5,3.5,6.5,35.5,373.5,4,23,6,50.5,4,5.5,3.5,6.5,4,13,1.5,28.5,20.5,17,9,4.5,8,18,3,42.5,17,49.5,23,0,15.5,15,0.5,0,0,24.5,69,0,0,0,7.5,27,5,1,0,0,0,0,0,0.5,0,0,8,7,0.5,0,0,2,0,0
2014/6/6,0,0,0,0,0.5,0,0,0,0.5,0,1.5,0,0,1,3,0,6,3,2.5,6,20,18.5,45,69.5,148.5,48,111.5,130,60,56,0,0,123.5,196,56,112.5,75.5,155,143.5,30.5,70,0.5,3,1.5,3.5,0,0,0.5,0,35.5,21.5,0,16.5,0,26,2.5,0,0,0,0,0,0,156,4,9,6,5,14,0,0.5,0,1,1.5,16,6.5,2,7,3,1.5,6,39,6,0,104,0.5,0,2.5,9,2,0,1,1.5,0.5,0,0,0.5,0,0,62.5,0,0.5,0,1.5,0,0.5,0.5,4.5,0,0,0,4,0,0,0,0,0,0
2014/6/7,0,0,0,0,0,0,1.5,3,20.5,18.5,0,0.5,0,5,18,0.5,7,1,2,8.5,20,28,18.5,71.5,54.5,35,49,73.5,13.5,25.5,0,0,61.5,93.5,39,77,58,78,47,17,30,0.5,9.5,1,3,0,0,0,0,21,20.5,11,4.5,29,0.5,23,5,0,0.5,1,2.5,4.5,8,1.5,5,4,0,4,1,0,0.5,0,0,4.5,9,0.5,0.5,0,0,0.5,0,6.5,1,3.5,0.5,0.5,1,0,1.5,3.5,0,0,0,9,0,0,0,0,13.5,1,0,0,0.5,0,10.5,0,0,0,0,0,0,0,0,0,0,0,0
2014/6/8,9.5,0,0,3,1,1,12.5,0.5,32,48,0,1,0,4,43,0,2.5,5.5,2,5,9,10.5,14.5,31.5,127.5,78,29,22.5,8,28,0,0.5,6.5,11,3.5,5,1.5,0,0,0.5,6,3,0.5,3,14.5,0,0,0,0,0,0,0,2,9,0,0,0,0,10.5,1,4.5,0,0,0,0,0,0,0,0,0,0.5,1,0,0,3.5,1.5,20,0,0,0,0,10.5,0,2,0,5,0,0,0,0,0,0,0,0,0,0,0,0,2,0,0,0,0,0,1,0,0,0,0,1,0,0,6,0,0,0,0
2014/6/9,5.5,4,0,11,0,0,26,17,27.5,55,0,0,18,5.5,41,1,0.5,0,1,18,16.5,27.5,2.5,3,20.5,13,13,24.5,18,3.5,0,2,4.5,4,0,2.5,2.5,0,0,20,3,3,0.5,2.5,11.5,0,0,0,0.5,0,0,0,8.5,0,0,0,0,0,0,4,0,0,0,0,0,0,0,0,0,0.5,2,4.5,0,0,0,0,0,0,0,0,0,0,0,0,0,0,0,0,0,0,0,0,0,0,0,0,0,0,0,1,3,0,0,0.5,0,0,0,0,0,0,0,0,73,0,0,0,0
2014/6/10,3,0,0,5.5,2.5,0,1.5,1.5,12,6.5,0,0,0,0,4.5,0,4,0,0,0.5,0,9,0.5,1,8,0,1,3.5,0.5,13.5,0,2,2,7.5,0,0,0,3.5,0,5.5,0,0.5,3,1.5,3.5,0,0,0,6.5,3.5,0,0,0,0,1,0,0,0,0,0,0,0,0,0,0,0,0,7,0.5,13.5,2,0,0,0.5,0,0,0,0,2,0,0,0,15,1,1,24.5,0.5,0.5,0,1,2,0,0,0.5,1.5,0,0,1.5,27,21.5,28,0.5,0,3.5,7,16,16,65,33.5,35,16.5,33.5,23,3,9,7.5,0
2014/6/11,10.5,15,0,3,1,3,0,1,26,7,2,1,4.5,11,9.5,0.5,6,2.5,0.5,5,10.5,12,12,22,42,20.5,14.5,15.5,22.5,21.5,0,0.5,13,26,18.5,30.5,39,25.5,34.5,12,33,1,1.5,0,1,1,0.5,0,0.5,10,6.5,4.5,2,0,1.5,3,3,5.5,1,0.5,1.5,1.5,25.5,0,11.5,0.5,14,0.5,1,0,1.5,14.5,0,0.5,3.5,0.5,5,1,1.5,0,1.5,0,5.5,2.5,17,3,2.5,1,0,5.5,0,2,2.5,0,3.5,0,0.5,5.5,3,5,18.5,0,0.5,0,1.5,0,0,4.5,1.5,1,0,1.5,117.5,0,0,0,0
2014/6/12,4.5,99.5,1.5,10,40,41,30,14,95,72,45.5,5.5,52.5,27,58.5,7,7.5,12.5,1,19.5,25.5,51,36.5,20.5,85,42.5,33,53,18,28.5,0,24,16,20.5,24.5,18,24,19.5,3.5,0.5,4.5,12.5,0,2,15,36,60,56.5,62,0,0,0,14.5,4,0,0,17.5,70.5,6,4,2,0,1,6.5,4,0.5,1.5,0,1.5,35,4,31,4.5,0,47,28.5,31.5,0,0,0,17,0.5,0,16.5,0,34.5,51.5,1,5.5,1.5,0,7,17,4.5,0.5,0,0,0,0,0,11,0,0.5,0,5,0,0,0.5,0,0,0,1.5,0,0,0,0,0
2014/6/13,41,8.5,30,31.5,27,57.5,17,1,0.5,0.5,38.5,4,44.5,0,0,7,0,35.5,2.5,0,0,0,0,0,0,0,1.5,4.5,0,0,0,4,1.5,1,0,0,0,0,0,0,0,0,0,0,0,17,19.5,13.5,33,0,0,0,6.5,0,0,0,9,12,0.5,0,0,0,0,3.5,0,0,0,5.5,0,3.5,0,0.5,0,0,7,4,0,0,0,2,0,1.5,0,0,0,8.5,8.5,0,0,0,0,0,0.5,0,0,0,0,0,0,0,0,0,0,0,0,0,0,0,0,0,0,0,14.5,0,0,0,0
2014/6/14,3.5,5.5,0.5,0.5,1.5,5.5,0,1.5,0,0,15.5,4.5,4,0,0,7.5,0,13,1,0,0,0,2,0,0,0,0,0,0,0,0,0.5,0,0,0,0,0,0,0,0,0,0,0,0,0,1,7.5,0,2,0,0,0,0.5,0,0,0,5,0,0,0,0,0,0,0,0,0,0,0,0,0,0,0,0,0,0,0.5,0,0,0,0,0,5,0,0,0,0,0,0,0,0,0,0,0,0,0,0,0,0,0,0,0,0,0,0,0,0,0,0,0,0,0,0,31.5,0,0,0,0
2014/6/15,10.5,0,0,10,1.5,3.5,4,2.5,0,0,3,0.5,1.5,0,0,8,0,0.5,0,0,0,0,0,0,1.5,0,0,0,0,3,0,0,0,0,0,0,0,0,0,0,0,0,0,0,0,0,0,0,0,0,0,0,0,0,0,0,0,0,0,0,0,0,0,0,0,0,0,0,0,0,0,0,0,0,0,0,5.5,0,0,0,0,0,0,0,0,0,0,0,0,0,0,0,0,0,0,0,0,0,0.5,0,0,0,0,0,0,0,0,1,0,0,0,0,0.5,0,0,0,0
2014/6/16,6.5,11,0.5,0.5,29,4,8,1,1.5,4,0,0,1,0.5,0,0.5,0,0,0.5,6.5,0.5,0.5,0,0,8,45.5,0,0,0,10,1,0,0,0,0,0,0,0,0,0,0,0,0,0,0,0,0,0,0,0,0,0,0,0,0,0,0,0,0,0,0,0,0,0,0,0,0,0,0,0,0,0,0,0,0,0,0,0,0,0,0,0,0,0,0,0,0,0,0,0,0,0,0,0,0,0,0,0,0,0,0,0,0,0,0,0,0,3.5,0,0.5,0,0,1,0,0.5,0,0
2014/6/17,3,0.5,0,1.5,0,0,0,1.5,1,0.5,0,0,0.5,0.5,1,0,0.5,1,0,0,0,0,0,0,5,9,0,0,3.5,6.5,1,0,0,0,0,0,0,0,0,0,0,21.5,0,0,0,0,0,0,0,0,0,0,20,0,0,0,0,0,0,0,0,0,0,0,0,0,6,0,0,0,0,0,0,0,0,0,0,0,1,3,3.5,0,32.5,9,8.5,0,0,9,2,17.5,8,15.5,10.5,21,11,16.5,32.5,34.5,58,65.5,41.5,44,25.5,61.5,83.5,46.5,31,41.5,68.5,84,19,72,0,38,56,62.5,40.5
2014/6/18,1.5,0.5,0,1.5,0,0,0,0,0,0,0,0,0,0,0,0,0,0,0,0,7,0,0,0,0.5,0.5,0,1.5,0,7.5,0,4,0,0,0,0,7,1,7.5,0,1.5,15.5,1,3,1.5,0,0,0,0,7,12,6.5,0,0.5,4.5,5.5,0,0,0,0,5.5,3,22.5,3.5,15.5,3,13.5,1,1.5,0,0,2,0.5,0.5,3,6,3.5,2,3,6.5,7.5,11,21,17,27.5,5.5,8,12.5,7,18.5,21.5,14,18.5,33,19,19,26.5,48.5,14,20,38.5,24.5,18.5,28.5,53,14,9.5,5,5.5,17,13,11.5,20,18.5,22,33,18.5
2014/6/19,0,0,0.5,2,3.5,2,2.5,0,1,0.5,0.5,0,0,0,1.5,0,0,0,0,0,3,0,1,0,24,10,3.5,5,5,11,0,0.5,0,0,0,0,0,0,0,0,0,1.5,0,0.5,9,0,0,0,0,0,0,0,7.5,0,0,0,0,0,0,0,0,0,0,0,0,0,0,0,0,0,0,0,0,0,0,0,0,0,0,0,0,13,0,0,0,0,0,0,0,0,0,0,0,2.5,0,0,0,0,0,1.5,1,0,0,0.5,3.5,2,0.5,4,2,0,0,1,4,0,1,3.5,0
2014/6/20,0,0,0.5,5.5,9.5,14.5,7.5,2,5.5,1,6,2.5,9,2,1,2,0.5,1.5,0,0,9.5,23,3,4,0.5,7,4.5,3,0,0,0,1,0,0.5,0,0,0,0,0,0,0,0,0,0,0,0,0,0,0,0,0,0,0,0,0,0,0,1,0,0,0,0,0,0,0,0,0,0,0,0,0,0,0,0,0,0,0,0,0,0,0,0,0,0,0,0,0,0,0,0,0,0,0,1,0,0,10,0.5,21,7.5,0,1,0.5,1.5,2,3,6,26,15.5,12.5,8.5,9.5,0.5,1,2.5,4,1
2014/6/21,0,0,0,0.5,0,0,0,0,0,0,0,0,0,0,0,0,1,0,8,4,4,0,1,0,8,18,0,3,1.5,8,1,0,0,0,0,0,0,0,0,0,0,14,0.5,0,0,0,0,0,0,0,0,0,0,0,0,1,4.5,0,0,0.5,0.5,0.5,12.5,1,14,20,11,1,5.5,1,0,1.5,1,1,1.5,2.5,3.5,2,9.5,18,13,0,15,17.5,11.5,2.5,5,22,8,32.5,27.5,28,34.5,13.5,47.5,38,32.5,33.5,128.5,103,74.5,25,26.5,56,79.5,76.5,51.5,166,237,172.5,55.5,173.5,0,28.5,59.5,67,29.5
2014/6/22,0,0,4.5,2,0,0,0,0,5,0.5,0,9,,0,0,0,1.5,0,6.5,7,5,2,5.5,22,10.5,4,18,7.5,10,35,0,10.5,6,13,3.5,2.5,0.5,4,6.5,6.5,6.5,11,8,12,13,3.5,1.5,4,15,3.5,3.5,6.5,4.5,5.5,4,9.5,3,2.5,3.5,7,8.5,4,18.5,15.5,18.5,19.5,24,9.5,19.5,10.5,5,26,11.5,7.5,32.5,5.5,15.5,16,19,17.5,30.5,17.5,39,40.5,34,4,6,14,14,21.5,18,12.5,30,45.5,19,14.5,41,59,43,50.5,47.5,19.5,10.5,33.5,58,83.5,66.5,115.5,45,34.5,39.5,49,0,15.5,22.5,21.5,7.5
2014/6/23,0,0,1.5,0,0,0,0,0,0,0,0.5,0,0,0,0,0,0,0,0,0,0,0,0,0,0,34,0,0.5,0,11,1,0,0,0,0,3,0,0,0,2,25,0,0,0,0,0,0,0,0,0,0,0,0,0,0,0,1,0,0,0,0,0,0,0,0.5,0,0,0,0,0.5,0,0.5,0,0,0,0,0,0,0,0,0,28,0,12,0,0,0,0,0,0,0,0,0,0,0,0,0,0,0.5,0,0,0,0,0,1,0,0,3,1.5,1.5,0,3.5,13,0,0,0,0
2014/6/24,0,0,0,0,0,1,0,0,0,0,0,0,0,0,0,0,0,0,0,0,0,0,13.5,10.5,6,1,2.5,2,1,37.5,1,0,5,8.5,1.5,0,5.5,12.5,5,1.5,9.5,0,0,0,0,0,0,0,0,22.5,17,0,0.5,0,0,0,0,0,0,0,1.5,0,5.5,0,3.5,0,0,0,0,0,0,0,6.5,0,0,0.5,0,5.5,0,0,21.5,1,0,0,2,1.5,0,0,0,0,0,0,0,0.5,0,0,0,0,0,0,0,0,0,0,7.5,0,0,0,0,0,0,0,32.5,0,0,0,0
2014/6/25,0,0,0,0,0,0,0,0,0,0,0,0,0,0,0,0,3,0,0,0,0,6,15.5,16,21.5,33.5,1.5,8.5,41.5,25.5,1,0,5.5,2,17.5,18,0,0.5,0,0,0,0.5,3,2.5,0,0,0,0,0,0,2.5,0,9,0,0,0,0,0,1.5,0,27.5,1.5,0,0,0.5,0,0,0,0,0,0,0,0,0,0,0,0,0,0,0,0,0,0,0,0,0,0,0,0,0,0,0,0,0,0,0,0,0,0,0,0,0,0,0,0,0,0,0,0,0,0,0,7,0,0,0,0
2014/6/26,0,0,0,0,0,0,0,0,0,0,0,0,0,0,0,0,0,0,0,0,0,0,0,0,0,0,0,0,0,7.5,1,0,0,0,0,1.5,0,0,0,0,0,0,0,12,10,0,0,0,0,0,0,0,0,0,0,0,0,0,0,0,0,0,0,21,0,0,2.5,7,10.5,0,18.5,2,0,0,0,0,0,0,0.5,0.5,0,0,2,0.5,6.5,0,0,0,0,0,0,0,0.5,2.5,0,3.5,4,9,39,46.5,15,3,0.5,1,17,35.5,14.5,51,27.5,35.5,24,47,0,1.5,2,6,1
2014/6/27,0,0,0,0,0,0,0,0,2.5,0,0,0,0,0.5,0,0,0,0,0,0,5,0,0,0,18.5,0,0,7,0,1,1,0,7.5,0,4,0,1,0.5,0,0,0.5,0,0,0,0,1,0,0,0,0,0,0,0,0,0,0,0,0,0,0,2,2.5,40,0.5,6,7.5,9,0,5.5,0,0,0,0,0,0,0,0,0,0,0,6,0,31,3,39,0,0,0,0,4,2.5,0.5,0.5,13.5,1.5,1,14.5,22.5,174,99,87.5,9,0.5,29,66,116.5,102,116,170.5,176,93.5,268.5,0,4,31.5,45.5,1
2014/6/28,0,0,0,0,0,0,0,0,7.5,6.5,0,0,0,0,7.5,0,5.5,0,29,30.5,12,5.5,8,9,53,13.5,9.5,34,2.5,23,0,8,13,50,0.5,11,7.5,12.5,7.5,1,8,12.5,2,0,4,35.5,27.5,8.5,29.5,0,0.5,1,24,4,7.5,2,10.5,16,20,17,10,18.5,91.5,7.5,7.5,2.5,14.5,8.5,4,10.5,17,7,2.5,5.5,7.5,0,10.5,1.5,0,0,3,0.5,0,0,2,0,3,1.5,0,0,0,2,0,0,1,0.5,0,3,1,3,1,0,0,0.5,4,0.5,0,24,0.5,0.5,0,1,2.5,0,0,1.5,0
2014/6/29,0,0,0,0.5,1.5,41,1.5,7.5,42,11,3,24,8,18,52,36,33,8,42.5,79,33,21,25,45.5,26,31.5,20,56.5,15.5,11.5,0,25,27.5,14,2.5,15.5,0.5,12,5,3,9.5,12.5,8.5,18,19.5,10,10,11,0.5,1,2,4,12.5,6.5,9,5.5,17,2,1.5,6,8.5,1,0,7,0.5,0,3.5,6,0,6,1.5,0,3,0,0.5,0,0,0,0,0,0,0,0,0,0,0,0,0,3.5,0,0,0,0,0,0,0,0,0,0,0,0,0,0,0,0,0,0,8.5,0,0,0,0,27,0,0,0,0
2014/6/30,0,0,0,3,3.5,1.5,0,4.5,0,0,4.5,5.5,1,2,1.5,6.5,5,0.5,12,5.5,8,0,0,0,3.5,7.5,0,0,104,1.5,0,2,0,0,0,0,0,0,0,0,0,1.5,0,0,0,0,0,2,0,0,0,0,0,0,0,0,21,0,0,0,0,0,0,0,0,0,0,0,0,0,0,0,0.5,0,0,0,1.5,0,0,0,0,0,0,0,0,0,0,0,0,0,0,0,0,0,0,0,0,0,0,0,0,0,0,0,0,0,0,0.5,0,0,0,0,6.5,0,0,0,0
2014/7/1,0,0,0,0,0,0,0,9,0,0,1.5,0.5,5.5,0,6,2,0,0,0,0.5,0.5,1,11.5,9.5,6,20,5,0,0.5,0,0,0,1.5,0,4.5,0,0,0,0,0,1.5,0,0,0,1,0,0,0,0,0,0,0,0,0,0,0,0,0,0,0,0,0,0,0,0,0,0,0,0,0,0,0,0,0,0,0,25.5,0.5,0,0,0,0,0,0,0,0,0,0,0,0,0,0,0,0,0,0,0,0,0,0,0,0,0,0,0,0,0,0,0,0,0,0,0,0,0,0,0
2014/7/2,0,0,0,0,0,0,0,0,0,0,0,0,0,0,0,0,0,0,0,0,22,0,1.5,0,8.5,1.5,0,0,0,53.5,1,0,0,0,0,0,0,0,0,0,0,0,0,5.5,79.5,0,0,0,0,0,0,0,0,0,0,0,0,0,0,0,0,0,0,0,0,0,1,0,0,0,0,0,0,0,0,0,0,0,0,0,0,0,3,4,0,0,0,0,0,0.5,3,0,0,4,9,5.5,2,2.5,45.5,46.5,8,5.5,5,11.5,8,61,55,5.5,7,25,38.5,10,0,8,46,34,6.5
2014/7/3,0,0,0,0,0,0,0,0,0,0,0,0,0,0,0,0,0,0,0,0,0,0,1,3,4.5,2.5,6,3,5.5,24.5,0,6,2,0,1,2.5,3,0.5,2.5,3,4,2.5,7,59,22,10.5,12,15,13.5,14.5,19,29,6,39.5,27,23,31,26,23.5,25,27.5,47,38.5,21,57.5,26,113.5,21,19,11,19.5,10,27,17.5,13,25.5,56.5,38.5,15,21.5,41.5,0,32,41,73,25.5,35,95.5,43,125,131.5,47,51,56,133,102,81,53,60.5,25,37,220.5,113,90,114,28.5,31,1,11,10.5,35,21,0,145,122,119,136
2014/7/4,0,0,0,0.5,0,0,3,32,12.5,28.5,0,0,0,3,10,3.5,22,0,12,14.5,18,10,9.5,23,35.5,31,13.5,5,6,39,0,33,5,9,23,9,27,8.5,10.5,3.5,2,5,26.5,10,18,52.5,17.5,10,16,20,10.5,3,1.5,8.5,1,0,13.5,43.5,5,1.5,1.5,8.5,4,6.5,0,0.5,0,0,0,25,0,12,5.5,0,22.5,2,9,1.5,0.5,1,0,35,0,0,0,3.5,6.5,3.5,1,0.5,3,2.5,0,0,0,1,0.5,0,0,0,0,0,1.5,2,5.5,0,0,0,0,0,0,0,0,4.5,3,10.5,4
2014/7/5,0,0,0,0,0,0,0,0,0.5,1,0,0,0,0,0.5,0,0.5,0,2.5,6,2.5,0,0,0,4.5,0.5,4.5,10.5,3,3,1,9.5,1.5,9.5,1.5,0,1,6.5,1,13,19,0.5,37,15.5,45,2,0,0.5,0,3.5,40.5,9.5,10.5,4,30.5,0.5,0.5,0,1.5,0.5,2,1,35,1.5,1.5,0,0,0,0,5,0,5.5,0.5,3,35,12,0,0,0,0,0,2.5,0,0,0,8.5,4.5,0,0,0,0,0.5,0,0,0,0,0,0,0,0,0,0,0,0,0,0,0,0,0,0,0,0,2.5,0,0,0,0
2014/7/6,0,0,0,0,0,0,0,0,0,0,0,0,0,0,0,0,0,0,0,0,0,0,0,0,0,0,0,0,0,0,1,8.5,0,0,0,0,0,0,0,0,0,9,2.5,0,2.5,1,0.5,1,5.5,0,2,12.5,3,12,11,12,6.5,6.5,17,26.5,21,28,11,23.5,11,9,9.5,22.5,14.5,14,43,7.5,11,19,4.5,7,8,10.5,16,11.5,11.5,0,12.5,26.5,8,6,7.5,15,8,38,52.5,16,19.5,29,82,94,103,47,2,21.5,74,119,99,59.5,67.5,168.5,146.5,0,0,2.5,150.5,0,0,114,123,161,109.5
2014/7/7,0,1.5,0,0,0,0,0,0,0,0,0,0,0,1,5,1,18.5,2,14.5,10,5,2,7,7,7,7,2,3,1.5,23,0,25,7,3,6,6,9,9,11.5,7,9,7,37,6,9.5,16.5,23,26,22,17,25.5,19.5,13,14.5,12.5,4.5,17.5,40,5.5,2.5,0.5,12,2,1.5,4.5,7,17,2,2.5,10.5,2.5,6,3.5,6,9,8,10,24,27,46.5,2,13.5,13.5,13.5,16.5,6,21,110.5,59,101.5,68.5,57.5,27,15,131,81.5,36,8.5,0.5,0.5,28.5,25.5,41.5,99.5,30,57.5,227.5,0,0,0,21,0,4,22,2.5,72,32.5
2014/7/8,0,0,0,2,0,0,0,0,0,0,0,0,0,0,0,0,0.5,0,8.5,0,5.5,0,1.5,0,2,0.5,0,0,0,1.5,0,18,0,0,0,0,0,0,0,1,0,4.5,1,5.5,4.5,4,1.5,0.5,0,0,2.5,0,17,0,0,0.5,1,0,0,0,0,1,0,0,0,0,7,0,0,0,0,0,0,0,1.5,0,0,0.5,1.5,2,3.5,14.5,0,22,26,0,0,4.5,3.5,0.5,6.5,0,36,0,0.5,1.5,0,0,0,0,1,1,2.5,0,0,0,0,0,0,0,0,0,192.5,7.5,0,0,1.5
2014/7/9,5,6,0,8,0,9.5,0,1,0,0,7.5,6.5,27.5,8.5,19.5,23,75,16,103.5,98.5,52,53,17.5,10.5,19,16.5,9.5,32.5,15,22.5,0,4,9,40,9,2,0,6.5,1,31,1.5,8,16.5,11.5,18.5,0.5,12.5,0,0,2.5,3,7.5,7.5,10.5,5.5,9.5,0,0,19,28.5,34,6.5,92,19,45.5,3.5,3,0,2.5,0,2,0,1,2,0.5,3,0.5,1.5,0,0,9,4,0.5,5,0,5,0,1,10.5,4.5,3.5,0.5,3,4.5,2.5,4.5,7,4,117.5,52.5,35.5,6,4,14.5,40.5,37,67,60.5,51.5,108.5,85.5,86,212,34.5,55,31.5,10.5
2014/7/10,4,1,7.5,33.5,77.5,124,54,63.5,33.5,22.5,57,73,119,17.5,18.5,35,18.5,32,2,7,2,0.5,0.5,0.5,4.5,0.5,0.5,2.5,0.5,6.5,0,1,3.5,4,1,12,6,7,14,13,16.5,0.5,20.5,1,3.5,0.5,0.5,1.5,3,18,20.5,22.5,8.5,18,6.5,9,4,9.5,6.5,6,9,24,92.5,9,139.5,19.5,13.5,7.5,18,0.5,9.5,1,27.5,11.5,0.5,0.5,2.5,1.5,2,3.5,34,13,135.5,66.5,21,0,2,1,3.5,2,2.5,0.5,19,44,0,0.5,1.5,0,32.5,3,4.5,7,1,1.5,22,12.5,15,75.5,48.5,61,27,76,0,9,25,66.5,5.5
2014/7/11,0,0,3,1.5,0.5,0,10,48,34,35.5,12,11.5,2,4,0.5,5,1.5,5,0,0,4,0.5,3.5,4.5,5,4.5,0.5,0,1,2.5,0,14.5,4,0.5,7.5,0.5,3,1,0,0.5,0.5,0,0,0,0,9.5,5,8.5,4.5,0,0.5,0,1,0.5,0.5,1,4.5,13.5,3.5,0,0.5,0.5,0,1.5,2.5,0,0,0,0,2.5,0,1,0,0,0.5,0,15,0,0,0,0,49,0,0,0,0,0,0,0,0,0,0,0,0,0,0,0,0,0,0,0,0,0,0,0.5,0,0,0,0,0,0,0,0,0,0,0,0
2014/7/12,0.5,0,0,0,0,0,0,0,0,0,0,1.5,0.5,0,0,0,0,0,0,0,0,0,0,0,0,0,0,0,0,0,0,0,0,3,0,0.5,0,0,0,0,0,0,0,0,0,0,0,0,0,0,0,0,0,0,0,0,0,0,0,0,0,0,0,0,0,0,0,0,0,0,0,0,0,0,0,0,0,0,0,0,0,0,0,4.5,0,0,0,0,0,0,1.5,0,1.5,4.5,18.5,19,20.5,7,0,0,0,35,25,9.5,29.5,0,11.5,5.5,0,1,0,0,0,15,4,22,14.5
2014/7/13,0,0,0,0.5,2,0.5,1.5,6,13,5.5,1.5,0,0.5,3,4.5,2,2,0.5,0,0.5,0,0,0,0,2,0,0,0,0,6,0,5,0,0,1,0,0,0,0,0,0,1,2.5,3.5,14,4.5,5,24,7,2,5.5,2,7.5,9,4.5,0,35.5,21.5,8,5,4.5,4.5,0,5.5,0,0,0,6.5,6,12.5,3.5,24,17,6.5,18,36.5,42.5,24.5,13.5,26,0.5,0,0,0,0,60.5,56,43,37.5,36.5,49,103,4,5.5,34.5,12.5,17,3,10,2,0,9,4.5,9.5,31.5,9.5,0.5,0,9.5,7.5,2.5,30.5,0,6.5,2.5,82,3
2014/7/14,1.5,0,0,0.5,0,0,0,1.5,2.5,1.5,0,0.5,0,0,0,1,0,0,0,0,0.5,0.5,3,0,11.5,16,1,7.5,8,0.5,0,12,0,0,0,0,0,0,0,0,0,2,2,2.5,1,3.5,0,0,3,0.5,0.5,4,5,5,1.5,23.5,7.5,4.5,3,1,9.5,10,0,12,8,16,0,13.5,29.5,3,4.5,6,0,3.5,7.5,0,0,0,2.5,1.5,9,1.5,0,5.5,0,0,0,0,0,1,0,3.5,15,5,1,2,1,1,11,23,3.5,2,0,5.5,13.5,24.5,14.5,0,9,9,38,6.5,0,1,3,17.5,0.5
2014/7/15,0,0,0,0,0,0,0,0,0,0,0,0,0,0,0,0,0,0,0,0,0,5,0,0,0,0.5,1,0,0,0,0,0,0,0,0,0,0,0,0,0,0,0,0,0,0,0,0,0,0,0,0,0,0,0,0,0,0,0,0,0,0,0,0,0,0,0,0,0,0,0,0,0,0,0,0,9.5,0,0,0,0,0,15.5,0,0,0,22,18.5,2,0,14,34.5,15.5,1,0.5,43.5,13.5,5.5,2,0,0,0,30,24,6.5,16,0.5,0,0,7.5,17,0,10.5,0,25,9.5,18.5,34
2014/7/16,0,0,0,0,0,0,0.5,4,10.5,7.5,1,3.5,0,4,3.5,7,4.5,3,8,13.5,9.5,3,0,0.5,8,1,2,5.5,0,0,0,5.5,0,0,0,0,0,0,0,0,0,0,0,0,0,0.5,11.5,76.5,1,0,0,0,0,0,0,0,0,3,0,0,0,0,0,0,0,0,0,0,0,0.5,0,0,0,0,0,0,0,0,0,0,0,0.5,0,0,0,1,26.5,5,2,38.5,34.5,45,0.5,0,24,25,0,0,0,0,0,1.5,43,0,0,0,0,0,0,0,0,0,0,0.5,12,0,61
2014/7/17,0,0,0,6.5,0,0,0,0,0,0,0,16.5,0,1,9,3,12,4.5,17,5.5,37.5,18.5,7,12,23,3.5,3,7,1,6.5,0,38,0,0,0,0,0,0,0,0,0,1.5,0,7,1,17.5,4.5,1,14,0,0,0,21,0,3.5,0,2.5,4.5,1.5,0,0,0,0,0,0,0,0,0,0,11,0,12,0,0,5,5,3,0,0,0,0,0,0,0,0,6.5,24,0,0,1,0.5,1.5,0,0,0,0,0,0,0,0,0,0,0.5,0,0,0,0,0,0,0,0,0,0,0,0,0,0.5
2014/7/18,0,0,0,0,0,0,0,1,11.5,0,0,0,4,2,0.5,0,0,0,33,15.5,58,73.5,24,5.5,45.5,59.5,25.5,2.5,60,29.5,0,24,2.5,10.5,4,1.5,0,2.5,0,0,0,9,0,7.5,0,1.5,2,0.5,1.5,0,0,0,19.5,0,0,0,0.5,0.5,0.5,0,0,0,0,0,0,0,0,0,0,10,0,0,0,0,0,0,0,0,0,0,0,0,0,0,0,0,0,0,0,0,0,0,0,0,0,0,0,0,0,0,0,0,0,0,0,0,0,0,0,0,0,0,0.5,0,0,0,0
2014/7/19,0,0,0,0,3,8.5,3,0.5,45,44,0,0,27.5,25,14.5,0.5,1.5,0,22,3.5,23,10,6.5,19,25.5,11.5,19,31.5,33,20.5,0,18,6.5,5,19,56,3,1,5,2,0,6,4.5,2,1,17.5,3,3.5,11,9,30,15,43.5,0,2,1,0,1,2,15,3.5,24.5,28.5,6,12.5,22.5,0,0,0,22,1.5,18.5,0,0,0,0,3.5,0,0,0,0.5,0,0,3.5,0,0,0,1.5,2,0,0,0,0,0,0,0,0,0,3.5,0,0,0,0,0,0,0,0,0,0,0,0,15,1,0,0,0,0.5
2014/7/20,0,0,0,0,0,0.5,0,0,23,14,0,0,0,22,8.5,0,0,0,0,14,0,0,0,0,5.5,0,7.5,1,1.5,5,0,1.5,53,21,0,0.5,0,11,3.5,0,8,0,1.5,1.5,79.5,9.5,4.5,0,2.5,0,0,0,4,0.5,0,0,77.5,41.5,0.5,0,1,3,24.5,27,0,0,0,3,0,3.5,5.5,0,3.5,0.5,0,0,26.5,46.5,0,0,0,0,0,0,0,0,0,0,0,0,0,0,0,0,0,0,0,0,0,0,1,11,0,15,3,0,0,0,0,1,0,0,0,0,0,3,0
2014/7/21,0,0,0,0,0,0,0,0,0,0,0,0,0,0,0,0,0,0,0,2.5,0,0.5,0,0,2,0,0,0,0.5,4,1,0,0,0,0,0,0,2,0,0,0,0,0,0,0,0,0,0,0,0,0,0,0,0,0,0,0,0,0,0,0,0,8,0,4.5,0,0,3,0,0,0,0,0,0,0,0,0,0,0,0,0,0,3,0,1.5,0,0,0,0,0,0,0,0,0,2,0,0,0.5,0,0,0,0.5,0,1.5,0.5,26,0,0,0,0,0,0,2,0,0,0,0
2014/7/22,1.5,13,0,1,0,0,0,0,0,0,0,0,0,0,0,0,0,0,0,0,0,1,0,0,0,0,0,0,0,0,1,0,0,0,0,0,0,0,0,0,0,0,0,0,0,0,0,0,0,0,0,0,0,0,0,0,0,0,0,0,0,0,3,0,0,0,0,0,0,0,0,0,0,0,0,0,0,0,0,0,0,0,0,0,1,0,0,0,0,0,0,0,0.5,0,0,0,0,0,0,0,0,0,0,0,0,0,0,4,0,0.5,0,0,3.5,0,0,0,0
2014/7/23,8,0,2,8.5,19,70,23.5,2.5,2,3.5,41.5,0.5,16.5,3.5,0,1,3,7.5,0,0,0.5,0,0,0,0,0,0,0,0,0,0,0,0,0,0,0,0,0,0,0,0,0,0,0,0,0.5,1.5,0,0,0,0,0,0,0,0,0,0,0,0,0,0,0,0,0,0,0,0,0,0,0,0,0,0,0,0,0,0,0,0,0,0,0,0,0,0,0,0,0,0,0,0,0,0,0,0,0,0,0,0,0,0,0,0,0,5,2,0,0,0,1.5,21.5,0,0,26.5,1,3,0
2014/7/24,0,0,0,0,0.5,0,3.5,12,,2.5,1,12.5,2,3.5,0.5,4,1.5,12,2,2.5,0,0,2.5,0.5,0,1,17.5,4,0.5,2,0,5.5,7,8.5,0,0,0,2.5,0,0,0,0,0,0,0,4,5,5.5,5.5,0,0,0,0,0,0,0,15,0,0,0,0,0,0,0,0,0,0,0,0,0,0,0,0,0,0,0,0,0,0,0,0,0,0,0,0,0,0,0,0,0,0,0,0,0,0,0,0,0,0,0,0,1.5,1,1,6.5,0,0,0,0,0,0,0,0,0.5,0,0,0
2014/7/25,0,0,0,0,0,0,0,0,0,0,0,0,0,0,0,3.5,0,0.5,0,0,0,0,0,0,0,0,0,0,0,0,1,0,0,0,0,0,0,0,0,0,0,0,0,0,0,0,0,0,0,0,0,0,0,0,0,0,0,0,0,0,0,0,0,0,0,0,0,0,0,0,0,0,0,0,0,0,0,0,0,0,0,0,0,0,0,0,0,0,0,0,0,0,0,0,0,0,0,0,0,0,0,0,0,0,0,0,0,0,0,0,0,0,0,0.5,2,0,0
2014/7/26,19,11.5,13.5,10,0,0,0,0,0,0,0,0,0,0,0,0,0,0,0,0,0,0,0,0,0,0,0,0,0,0,1,0,0,0,0,0,0,0,0,0,0,0,0,0,0,0,0,2.5,0,0,0,0,0,0,0,0,0,0,0,0,0,0,0,0,0,0,0,0,0,0,0,0,0,0,0,0,0,0,0,0,0,0,0,0,0,0,0,0,0,0,0,0,0,0,0,1,0,0,0,0,0,0,3,0,0,0,0,0,0,0,0,0,0,11,2,0,0
2014/7/27,33.5,11,36,13.5,4.5,2,0,3,0,0.5,3,4.5,3.5,0,0,18,0,9.5,0.5,0,0,3.5,41,1.5,0,17,10,0,10,3,0,24,3,0,0,0,0,10.5,0,0,0,0,3.5,2,0,23,5.5,12.5,6.5,0,0,0,9.5,0,0,0,3.5,4.5,5.5,4,16.5,9,0,0,2.5,0,0,0,0,2.5,6.5,0,0,0,0.5,0.5,1,0,2,0.5,0,0,0,0,0,11,7.5,0.5,2.5,1,16.5,15.5,0,0,0.5,4,13.5,0,0,0,0,3.5,2,0,25.5,0,0,0,0,0,1.5,0,0,1,0,0.5,1.5
2014/7/28,3.5,0,6.5,10.5,0,0,0,0,0,0,0,0,0,0,0,5,0,2.5,0,0,0,0,3,0,0,0,0,0,0,0,1,0,0,0,0,0,0,0,0,0,0,0,0,0,0,4,0,0,0,0,0,0,0,0,0,0,0,0,0,0,0,0,0,0,0,0,0,0,0,0,0,0,0,0,0,0,0,0,0,0,0,3.5,0,0,0,0,0,0,0,0,0,0,0,0,0,0,0,0,0,0,0,0,0,0,0,0,0,0,0,0,0,0,1.5,0,0,0,0
2014/7/29,0,0,0,0,0,0,0,0,0,0,0,0,0,0,0,0,0,0,0,0,0,0,0,0,0,0,0,0,0,0,1,0,0,0,0,0,0,0,0,0,0,0,0,0,0,0,0,0,0,0,0,0,0,0,0,0,0,0,0,0,0,0.5,0,0,0,0,0,0,0,0,0,0,0,0,0,0,0,0,0,0,0,0,0,0,0,0,0,0,0,0,0,0,0,0,0,0,0,0,0,0.5,0,0,0,0,30.5,0,0,0,0,0,0,0,6,0,0,0,0
2014/7/30,0,0,0,0,0,0,0,0,0,0,0,0,0,0,0,0,0,0,0,0,0,0,0,0,0,0,0,0,0,0,1,0,0,0,0,0,0,0,0,0,0,0,0,0,0,0,0,0,0,0,0,0,0,0,0,0,0,0,0,0,0,0,1.5,0,0,0,12,0,0,0,0,0,0,0,0,0,0,0,0,8,0,0,4.5,3,103,0,0,0,0,0,0,0,0,1,10,4.5,0,1,27,57.5,49,0,14.5,23.5,0,0,0,8.5,2,13,0,55,33.5,0,0,0,0
2014/7/31,0,0,0,0,0,0,0,0.5,0,0,0,6,9,0,22,0,7,0,0,2,0,0,0,0,1.5,0,0,0,0,0,0,0,0,0,0,0,0,0,0,0,1.5,12,23.5,10.5,17.5,0,0,0,0,0,0,0,0,0,0,0,0,0,0,0,0,0,0,0,0,0,0,0,0,0,0,0,0,0,0,0,0,0,0,0,0,0,0,0,0,0,0,0,0,0,0,0,0,2.5,0,1,1,1,217.5,66.5,49.5,0.5,1.5,7.5,32,43,9,17.5,22,105,13.5,80,35,0,5,10.5,1
2014/8/1,0,0,1,0,10,23,45.5,17,4.5,6.5,0.5,1,16.5,1,24.5,0,0,0,0,10.5,0,2,11,0,10,0.5,2,19.5,0,0,1,0,0,6,0,0,0,0.5,1,37.5,9,0,0,0,0,0,0,0,0,2,0,0,0,0,0,0,0,0,0,0,0,0,0,0,0,0.5,6,0,0,0,0,0,0,0,0,1,0,0,4,6.5,31.5,2,12.5,3.5,2.5,2,0,14.5,24.5,3,10.5,0.5,76,36,4,4,3,49.5,58.5,20.5,17,9,12.5,19,43.5,13,11.5,22.5,51.5,93,34,23.5,70.5,31,45.5,4.5,24.5
2014/8/2,0,0,0,0,0,0,0,0,0,0,0,0,0,0,0,0,0,0,0,3.5,0,0,0,0,12,0,0,0,0,0,1,8.5,0,0,0,0,0,0,0,0,0.5,2,0,0,0,0,0,0,0,1,0,0,0,0,0,0,0,0,0,0,1,0.5,18,4.5,19.5,102,295,11.5,53,0,0,0,3.5,16.5,0,0,3.5,9.5,59,69.5,314,10.5,38,173.5,14,0,21.5,27,24,26,3.5,34,23,41.5,6.5,3.5,5,72,47,64.5,80,7.5,5,6.5,17.5,12,4,1,2.5,38,2,32.5,0,18,20.5,15,21.5
2014/8/3,0,0,0,0,0,0,0,0,0,0,0,1.5,0,0,0,9.5,0,0,0,0,0,0,0,0,0,0,0,2.5,0,0,1,0,0,0,0,0,0,0,0,0,0,0,1.5,0,0,0,0,0,0,0,0,0,1.5,1,0.5,0,0,4.5,1,2.5,3,1,18,2,25.5,40.5,250.5,12.5,21.5,1,2,0,9,8.5,0.5,3.5,10,17.5,53.5,75.5,143,136.5,45,372,52,4,8.5,11.5,31,17.5,30.5,25,22,55,26.5,46,8,3.5,2.5,62,32,72,49.5,1.5,5.5,6.5,43,0,0,2,0,6,0,59,107,73,40
2014/8/4,0,21.5,5.5,0,0,0,3.5,5,0,1.5,0,0,0,0,0,0.5,0,0,0,5,0,0,0,0,0,0,0,0,0,0,1,0,0,0,0,0,0,0,0,0,0,0,0.5,0,0,0,0,0,0,0,6.5,10,3.5,0,0,2.5,0.5,0.5,5,3,0.5,0,8.5,2.5,16.5,9,56.5,5.5,4.5,4.5,2.5,1,1.5,4.5,0,1,0,0.5,14,3,23,144,2.5,270,21.5,0.5,1.5,18,0,22.5,28,12.5,0.5,0.5,34,14.5,39.5,9.5,0,5,1.5,46.5,20.5,15.5,22.5,20.5,16,0,25.5,72,2.5,1,22,25,54,94,28
2014/8/5,21,1.5,52,2,23,57.5,0,0,0,0,1.5,0,5.5,0,0,0,0,0,0,0,0,0,0,0,0,0,0,0,0,0,0,0,0,0,0,0,0,0,0,0,0,0,0,0,0,0,0,0,0,0,5,1,2.5,29.5,0,0,0,0,0,0,0,0,0,0,0,0,0,0,0,0,0,0,1.5,1.5,0,12.5,1,0,0,1.5,3,47.5,0,33,1,11.5,20.5,27,14,81.5,60.5,81,17,2,46,77.5,62,1,23,1.5,12.5,109,58.5,13,6,37.5,2.5,5,8,57.5,55,2.5,0,27,67,146,42
2014/8/6,17,0,1,2,118,86,24,4,0,0.5,47,11,32.5,0,0.5,0,0,50,0,0.5,0,0,0,0,0,0,0,0,0,0,0,7.5,0,0,0,0,0,0,0,0,0,0,2.5,0,0,29,0.5,9,4,0,0,0,6.5,18.5,1,0,1.5,18.5,2,18,0,2,0,0,0,8,0,0,0,0,0.5,8.5,0,4.5,5,41,18.5,20,0,2,11.5,3.5,5,24,7.5,16.5,0,74.5,40,0,0,0,36.5,9.5,0,19.5,24,3,0.5,0,0,0.5,0,0.5,20,1,8.5,0,0,0,23.5,0,3.5,8.5,0,57,39
2014/8/7,15.5,4,23.5,11.5,23,23,25.5,2.5,18.5,6,78,8.5,24,13.5,0,37,29,37.5,10,1.5,0,0,0,0,1.5,0,0,0,1.5,17.5,0,15,0,0,0,0,0,0,0,0,0,0,13.5,0,0,24,4.5,8,12.5,0,0,0,0,0,2.5,0,6.5,0.5,0,0,54.5,0,0,0,4,0,0,0,0,0,0,0,0,0,41,41.5,0,12.5,2,0,0,1,0,0.5,1,0,0,0,0,3,6.5,0,0,3.5,6,0,0,1,11,8.5,24.5,0,0,5.5,10,6.5,11,2.5,2.5,0,0,4,0.5,0,0,1.5,0
2014/8/8,18.5,0.5,12.5,28.5,26,7,9,10,1,5,35,5.5,35,12,20,20,68.5,9,49.5,13,1.5,1,1.5,0.5,13.5,2.5,1,3,9.5,10.5,0,65,0,0,0.5,0,0,0,0,0.5,0,41.5,0.5,12.5,1,102,65,18.5,67.5,0,0,0,25,6,7,0,41.5,56.5,55,10.5,2.5,1.5,0,6.5,2.5,22,10.5,17.5,15.5,38.5,12,48.5,37.5,26,35,47,35.5,33,57.5,28,87,0,44,41.5,114.5,54,24,12.5,47.5,3.5,14,7.5,30.5,32,15,4.5,4.5,17.5,45,22,48.5,0,0,2.5,11.5,1.5,0.5,64,4,0.5,0,23,17.5,1,0,1.5,0.5
2014/8/9,0,0,0,0,0,0,1.5,8,8.5,11.5,1.5,6,0,3,4.5,7,13,5.5,0.5,3,0.5,1.5,0,0,22,0.5,5.5,12.5,10.5,21.5,0,7.5,0,7,16.5,4.5,34.5,4,0,0.5,13,3.5,3,6,1.5,37.5,47,35,61,0,1,23.5,19,50,39,63,61.5,62,79.5,120,160,242,298,134.5,319.5,95.5,188.5,125.5,148.5,110,106,82.5,71.5,116.5,56,14.5,62.5,55,90.5,35,204.5,29.5,379.5,125.5,101,6,1,14,18,0.5,0,0.5,21.5,189.5,0,0,0,62.5,149,200,120.5,0,0,0,46,20,0,48.5,21.5,57,0,84.5,0,0,0,0.5,0
2014/8/10,16.5,0,0.5,25.5,20,12.5,48.5,49.5,27.5,56,38,14,24,12,22.5,12,1.5,8,12,20,51,37,43.5,37,192.5,44.5,37,17.5,26.5,51,0,3.5,45,77.5,36,12.5,41,50.5,88.5,53,70,3,47,21.5,22.5,6.5,19,46,30,11.5,69,19.5,54.5,56.5,28,24.5,32,97.5,60,75.5,36.5,52,219.5,72.5,226,106.5,42.5,79.5,79,38,121,27.5,78.5,125.5,15,47.5,20,50,77.5,24,174.5,66,5.5,164.5,87,31.5,19,5,10.5,3,1,17.5,7,3.5,6,11.5,1.5,0,0,0,0,0,3,0.5,40.5,0,4,1,0,0,0,0,1,1.5,4.5,6,0
,,,,,,,,,,,,,,,,,,,,,,,,,,,,,,,,,,,,,,,,,,,,,,,,,,,,,,,,,,,,,,,,,,,,,,,,,,,,,,,,,,90.5,,,,,,,,,,,,,,,,,,,,,,,,,,,,,,,,,,,
